nohup: ignoring input
Gym has been unmaintained since 2022 and does not support NumPy 2.0 amongst other critical functionality.
Please upgrade to Gymnasium, the maintained drop-in replacement of Gym, or contact the authors of your software and request that they upgrade.
Users of this version of Gym should be able to simply replace 'import gym' with 'import gymnasium as gym' in the vast majority of cases.
See the migration guide at https://gymnasium.farama.org/introduction/migration_guide/ for additional information.
<frozen importlib._bootstrap>:491: RuntimeWarning: The global interpreter lock (GIL) has been enabled to load module 'triton._C.libtriton', which has not declared that it can run safely without the GIL. To override this behavior and keep the GIL disabled (at your own risk), run with PYTHON_GIL=0 or -Xgil=0.
start training
Episode 1/2000, Reward: 0.55, ploss: -1.3872593641281128, aloss:-0.0, berr1:2.3401546478271484, berr2:2.3081653118133545
 1/2000,EPReward: 0.55
Episode 2/2000, Reward: -0.63, ploss: -1.4090895652770996, aloss:-1.596641777723562e-05, berr1:1.3207496404647827, berr2:1.301895260810852
 2/2000,EPReward: -0.63
Episode 3/2000, Reward: -20.50, ploss: -1.4021767377853394, aloss:-3.270082743256353e-05, berr1:69.7883529663086, berr2:69.7403335571289
 3/2000,EPReward: -20.50
Episode 4/2000, Reward: -0.59, ploss: -1.3895564079284668, aloss:-4.909759445581585e-05, berr1:46.25822067260742, berr2:46.30266189575195
 4/2000,EPReward: -0.59
Episode 5/2000, Reward: 2.21, ploss: -1.3770533800125122, aloss:-6.509848753921688e-05, berr1:28.92633819580078, berr2:28.872177124023438
 5/2000,EPReward: 2.21
Episode 6/2000, Reward: 4.85, ploss: -1.3659008741378784, aloss:-8.056237129494548e-05, berr1:35.42940902709961, berr2:35.48160171508789
 6/2000,EPReward: 4.85
Episode 7/2000, Reward: 5.71, ploss: -1.355349063873291, aloss:-9.58218370215036e-05, berr1:35.15080261230469, berr2:35.17453384399414
 7/2000,EPReward: 5.71
Episode 8/2000, Reward: -1.02, ploss: -1.3481028079986572, aloss:-0.00011134135274915025, berr1:36.530086517333984, berr2:36.64256286621094
 8/2000,EPReward: -1.02
Episode 9/2000, Reward: 6.30, ploss: -1.3458038568496704, aloss:-0.00012747244909405708, berr1:28.860746383666992, berr2:28.76128387451172
 9/2000,EPReward: 6.30
Episode 10/2000, Reward: -20.50, ploss: -1.3412280082702637, aloss:-0.0001437905739294365, berr1:55.26530456542969, berr2:55.28807067871094
 10/2000,EPReward: -20.50
Episode 11/2000, Reward: -1.68, ploss: -1.3422958850860596, aloss:-0.00016045535448938608, berr1:38.207679748535156, berr2:38.183563232421875
 11/2000,EPReward: -1.68
Episode 12/2000, Reward: 1.60, ploss: -1.338244915008545, aloss:-0.00017701428441796452, berr1:25.710384368896484, berr2:25.70020866394043
 12/2000,EPReward: 1.60
Episode 13/2000, Reward: -20.50, ploss: -1.3367514610290527, aloss:-0.00019396909920033067, berr1:55.91447830200195, berr2:55.96900177001953
 13/2000,EPReward: -20.50
Episode 14/2000, Reward: 3.61, ploss: -1.3377246856689453, aloss:-0.00021043916058260947, berr1:51.688194274902344, berr2:51.69916915893555
 14/2000,EPReward: 3.61
Episode 15/2000, Reward: -1.19, ploss: -1.3326740264892578, aloss:-0.00022786464251112193, berr1:38.80519485473633, berr2:38.876216888427734
 15/2000,EPReward: -1.19
Episode 16/2000, Reward: 0.38, ploss: -1.336212396621704, aloss:-0.00024429752374999225, berr1:37.65922927856445, berr2:37.59230041503906
 16/2000,EPReward: 0.38
Episode 17/2000, Reward: 8.41, ploss: -1.3317346572875977, aloss:-0.0002611690724734217, berr1:39.34849166870117, berr2:39.337982177734375
 17/2000,EPReward: 8.41
Episode 18/2000, Reward: -20.50, ploss: -1.3448243141174316, aloss:-0.0002771066501736641, berr1:41.606788635253906, berr2:41.59880065917969
 18/2000,EPReward: -20.50
Episode 19/2000, Reward: -20.50, ploss: -1.3356797695159912, aloss:-0.00029355689184740186, berr1:52.286354064941406, berr2:52.24110412597656
 19/2000,EPReward: -20.50
Episode 20/2000, Reward: 2.69, ploss: -1.3409926891326904, aloss:-0.0003090686514042318, berr1:50.33312225341797, berr2:50.42483139038086
 20/2000,EPReward: 2.69
Episode 21/2000, Reward: -0.55, ploss: -1.3568885326385498, aloss:-0.0003240587830077857, berr1:48.98006057739258, berr2:49.13508605957031
 21/2000,EPReward: -0.55
Episode 22/2000, Reward: 2.02, ploss: -1.333014965057373, aloss:-0.00033917269320227206, berr1:61.52513885498047, berr2:61.610565185546875
 22/2000,EPReward: 2.02
Episode 23/2000, Reward: -20.50, ploss: -1.3339895009994507, aloss:-0.0003538241726346314, berr1:47.000457763671875, berr2:46.99898147583008
 23/2000,EPReward: -20.50
Episode 24/2000, Reward: -0.90, ploss: -1.3436603546142578, aloss:-0.00036867352901026607, berr1:51.4081916809082, berr2:51.462501525878906
 24/2000,EPReward: -0.90
Episode 25/2000, Reward: -0.26, ploss: -1.3449252843856812, aloss:-0.00038607013993896544, berr1:42.688560485839844, berr2:42.694862365722656
 25/2000,EPReward: -0.26
Episode 26/2000, Reward: -1.03, ploss: -1.3409768342971802, aloss:-0.0004025585949420929, berr1:52.250919342041016, berr2:52.28178405761719
 26/2000,EPReward: -1.03
Episode 27/2000, Reward: 1.77, ploss: -1.347739815711975, aloss:-0.000419940595747903, berr1:37.153167724609375, berr2:37.1528434753418
 27/2000,EPReward: 1.77
Episode 28/2000, Reward: -20.30, ploss: -1.3342431783676147, aloss:-0.00043533911230042577, berr1:56.60992431640625, berr2:56.691650390625
 28/2000,EPReward: -20.30
Episode 29/2000, Reward: -1.70, ploss: -1.3222113847732544, aloss:-0.0004505754623096436, berr1:53.540809631347656, berr2:53.58071517944336
 29/2000,EPReward: -1.70
Episode 30/2000, Reward: 3.38, ploss: -1.3128230571746826, aloss:-0.0004656038654502481, berr1:48.440452575683594, berr2:48.44170379638672
 30/2000,EPReward: 3.38
Episode 31/2000, Reward: 0.77, ploss: -1.319016933441162, aloss:-0.00048148486530408263, berr1:44.366695404052734, berr2:44.42686462402344
 31/2000,EPReward: 0.77
Episode 32/2000, Reward: -0.70, ploss: -1.2856214046478271, aloss:-0.0004928556736558676, berr1:48.319393157958984, berr2:48.44422912597656
 32/2000,EPReward: -0.70
Episode 33/2000, Reward: -0.56, ploss: -1.2990009784698486, aloss:-0.0005105911986902356, berr1:42.60763168334961, berr2:42.54191207885742
 33/2000,EPReward: -0.56
Episode 34/2000, Reward: -1.30, ploss: -1.2701681852340698, aloss:-0.0005223702173680067, berr1:40.193206787109375, berr2:40.29896545410156
 34/2000,EPReward: -1.30
Episode 35/2000, Reward: -0.31, ploss: -1.2531797885894775, aloss:-0.0005300333723425865, berr1:40.424354553222656, berr2:40.41669464111328
 35/2000,EPReward: -0.31
Episode 36/2000, Reward: -20.50, ploss: -1.2782130241394043, aloss:-0.0005431323079392314, berr1:47.60629653930664, berr2:47.658145904541016
 36/2000,EPReward: -20.50
Episode 37/2000, Reward: -1.17, ploss: -1.2082664966583252, aloss:-0.0005547314649447799, berr1:45.92985916137695, berr2:46.21375274658203
 37/2000,EPReward: -1.17
Episode 38/2000, Reward: 2.01, ploss: -1.2069835662841797, aloss:-0.0005612386157736182, berr1:44.14665603637695, berr2:44.236045837402344
 38/2000,EPReward: 2.01
Episode 39/2000, Reward: 4.61, ploss: -1.2067211866378784, aloss:-0.0005546702886931598, berr1:39.500091552734375, berr2:39.55983352661133
 39/2000,EPReward: 4.61
Episode 40/2000, Reward: 0.93, ploss: -1.1679332256317139, aloss:-0.0005268999375402927, berr1:48.93631362915039, berr2:49.16419219970703
 40/2000,EPReward: 0.93
Episode 41/2000, Reward: 9.18, ploss: -1.1155352592468262, aloss:-0.0004717324918601662, berr1:45.857215881347656, berr2:45.93193435668945
 41/2000,EPReward: 9.18
Episode 42/2000, Reward: 3.31, ploss: -1.1423275470733643, aloss:-0.00046225255937315524, berr1:35.21305465698242, berr2:35.16200637817383
 42/2000,EPReward: 3.31
Episode 43/2000, Reward: -0.38, ploss: -1.183680534362793, aloss:-0.0004076455079484731, berr1:45.40406799316406, berr2:45.50029373168945
 43/2000,EPReward: -0.38
Episode 44/2000, Reward: 0.90, ploss: -1.1614277362823486, aloss:-0.00041738274740055203, berr1:42.3487663269043, berr2:42.24971008300781
 44/2000,EPReward: 0.90
Episode 45/2000, Reward: 2.08, ploss: -1.2468256950378418, aloss:-0.00036804357660003006, berr1:38.4989013671875, berr2:38.54376983642578
 45/2000,EPReward: 2.08
Episode 46/2000, Reward: -0.82, ploss: -1.1691043376922607, aloss:-0.000196204986423254, berr1:48.34505844116211, berr2:48.46218490600586
 46/2000,EPReward: -0.82
Episode 47/2000, Reward: -0.01, ploss: -1.2153745889663696, aloss:-0.00011670708772726357, berr1:29.72146224975586, berr2:29.623489379882812
 47/2000,EPReward: -0.01
Episode 48/2000, Reward: 1.69, ploss: -1.2915493249893188, aloss:-0.00021414877846837044, berr1:43.78306198120117, berr2:43.879737854003906
 48/2000,EPReward: 1.69
Episode 49/2000, Reward: 9.14, ploss: -1.2446038722991943, aloss:4.476544927456416e-05, berr1:32.83378219604492, berr2:32.68307876586914
 49/2000,EPReward: 9.14
Episode 50/2000, Reward: -20.50, ploss: -1.2990434169769287, aloss:-5.25694340467453e-05, berr1:44.8639030456543, berr2:45.0067253112793
 50/2000,EPReward: -20.50
Episode 51/2000, Reward: 1.33, ploss: -1.298164963722229, aloss:2.3295917344512418e-05, berr1:45.1549072265625, berr2:45.00103759765625
 51/2000,EPReward: 1.33
Episode 52/2000, Reward: -20.50, ploss: -1.3626540899276733, aloss:0.00018682234804145992, berr1:48.81005096435547, berr2:48.822853088378906
 52/2000,EPReward: -20.50
Episode 53/2000, Reward: -0.51, ploss: -1.4238173961639404, aloss:0.00025584438117221, berr1:32.75831604003906, berr2:32.5322265625
 53/2000,EPReward: -0.51
Episode 54/2000, Reward: 4.64, ploss: -1.468481183052063, aloss:0.00023785114171914756, berr1:41.405643463134766, berr2:41.383460998535156
 54/2000,EPReward: 4.64
Episode 55/2000, Reward: -0.80, ploss: -1.5353564023971558, aloss:0.0005136473337188363, berr1:42.14518737792969, berr2:41.93072509765625
 55/2000,EPReward: -0.80
Episode 56/2000, Reward: -20.50, ploss: -1.627612829208374, aloss:0.0003954331041313708, berr1:47.31870651245117, berr2:47.232765197753906
 56/2000,EPReward: -20.50
Episode 57/2000, Reward: -0.83, ploss: -1.6710456609725952, aloss:0.00039528519846498966, berr1:28.272342681884766, berr2:27.8868350982666
 57/2000,EPReward: -0.83
Episode 58/2000, Reward: -1.42, ploss: -1.6537370681762695, aloss:0.0005207420326769352, berr1:41.26911163330078, berr2:41.27499771118164
 58/2000,EPReward: -1.42
Episode 59/2000, Reward: -0.73, ploss: -1.8271446228027344, aloss:0.0003244359977543354, berr1:34.34784698486328, berr2:34.116214752197266
 59/2000,EPReward: -0.73
Episode 60/2000, Reward: -1.55, ploss: -1.7995021343231201, aloss:0.00041396229062229395, berr1:43.70174026489258, berr2:43.622379302978516
 60/2000,EPReward: -1.55
Episode 61/2000, Reward: -0.91, ploss: -1.9065039157867432, aloss:0.00038491576560772955, berr1:46.70225524902344, berr2:46.50932693481445
 61/2000,EPReward: -0.91
Episode 62/2000, Reward: -20.50, ploss: -1.859999656677246, aloss:0.0007658761460334063, berr1:31.54735565185547, berr2:31.45003318786621
 62/2000,EPReward: -20.50
Episode 63/2000, Reward: 4.51, ploss: -1.783182144165039, aloss:0.0006243582465685904, berr1:44.733280181884766, berr2:44.599422454833984
 63/2000,EPReward: 4.51
Episode 64/2000, Reward: -20.50, ploss: -1.86594557762146, aloss:0.0005470154574140906, berr1:42.5111083984375, berr2:42.30630111694336
 64/2000,EPReward: -20.50
Episode 65/2000, Reward: -20.50, ploss: -1.6659879684448242, aloss:0.0005041948752477765, berr1:47.897003173828125, berr2:47.58839416503906
 65/2000,EPReward: -20.50
Episode 66/2000, Reward: 4.24, ploss: -1.5341265201568604, aloss:0.0006438141572289169, berr1:50.89251708984375, berr2:50.554710388183594
 66/2000,EPReward: 4.24
Episode 67/2000, Reward: -0.71, ploss: -1.5177465677261353, aloss:0.0008880379609763622, berr1:38.744476318359375, berr2:38.54856872558594
 67/2000,EPReward: -0.71
Episode 68/2000, Reward: 0.97, ploss: -1.2576998472213745, aloss:0.0010848409729078412, berr1:49.61648941040039, berr2:49.28200149536133
 68/2000,EPReward: 0.97
Episode 69/2000, Reward: 4.00, ploss: -1.0678908824920654, aloss:0.001186208100989461, berr1:49.16316223144531, berr2:48.867977142333984
 69/2000,EPReward: 4.00
Episode 70/2000, Reward: -19.50, ploss: -0.9680113196372986, aloss:0.0011308453977108002, berr1:45.01197052001953, berr2:44.83396911621094
 70/2000,EPReward: -19.50
Episode 71/2000, Reward: 2.88, ploss: -1.0152981281280518, aloss:0.001087587559595704, berr1:49.777587890625, berr2:49.582855224609375
 71/2000,EPReward: 2.88
Episode 72/2000, Reward: -0.30, ploss: -0.9721902012825012, aloss:0.0014860646333545446, berr1:36.33045196533203, berr2:36.281856536865234
 72/2000,EPReward: -0.30
Episode 73/2000, Reward: 5.25, ploss: -0.6749173998832703, aloss:0.0022526062093675137, berr1:31.26188850402832, berr2:31.310945510864258
 73/2000,EPReward: 5.25
Episode 74/2000, Reward: 2.01, ploss: -0.3955821692943573, aloss:0.002239323453977704, berr1:36.2647819519043, berr2:36.266292572021484
 74/2000,EPReward: 2.01
Episode 75/2000, Reward: 0.66, ploss: -0.758519172668457, aloss:0.0015729391016066074, berr1:46.27482223510742, berr2:46.04094314575195
 75/2000,EPReward: 0.66
Episode 76/2000, Reward: -20.50, ploss: -0.8073825836181641, aloss:0.0012061153538525105, berr1:52.28630065917969, berr2:52.0053596496582
 76/2000,EPReward: -20.50
Episode 77/2000, Reward: -2.12, ploss: -0.7401691675186157, aloss:0.0013290353817865252, berr1:36.082000732421875, berr2:35.718387603759766
 77/2000,EPReward: -2.12
Episode 78/2000, Reward: 1.21, ploss: -0.4835178554058075, aloss:0.0018923311727121472, berr1:39.42563247680664, berr2:39.048370361328125
 78/2000,EPReward: 1.21
Episode 79/2000, Reward: 3.93, ploss: -1.0362850427627563, aloss:0.0012635388411581516, berr1:40.42945098876953, berr2:39.98851013183594
 79/2000,EPReward: 3.93
Episode 80/2000, Reward: 0.52, ploss: -0.8485649824142456, aloss:0.0016312954248860478, berr1:35.58653259277344, berr2:35.29821014404297
 80/2000,EPReward: 0.52
Episode 81/2000, Reward: 0.39, ploss: -1.0331306457519531, aloss:0.0016030570259317756, berr1:30.241390228271484, berr2:29.769407272338867
 81/2000,EPReward: 0.39
Episode 82/2000, Reward: 3.66, ploss: -1.2270128726959229, aloss:0.001380709232762456, berr1:38.99156951904297, berr2:38.858219146728516
 82/2000,EPReward: 3.66
Episode 83/2000, Reward: -0.49, ploss: -1.3730930089950562, aloss:0.0012402067659422755, berr1:35.9165153503418, berr2:35.47550582885742
 83/2000,EPReward: -0.49
Episode 84/2000, Reward: 0.13, ploss: -1.5501675605773926, aloss:0.0010599179659038782, berr1:40.973716735839844, berr2:40.731990814208984
 84/2000,EPReward: 0.13
Episode 85/2000, Reward: -1.67, ploss: -1.7110379934310913, aloss:0.000873822660651058, berr1:29.097862243652344, berr2:28.777395248413086
 85/2000,EPReward: -1.67
Episode 86/2000, Reward: 1.93, ploss: -1.714814305305481, aloss:0.0007367939688265324, berr1:36.63823318481445, berr2:36.55046844482422
 86/2000,EPReward: 1.93
Episode 87/2000, Reward: 2.65, ploss: -1.8392070531845093, aloss:0.0006999796605668962, berr1:45.82320022583008, berr2:45.41252517700195
 87/2000,EPReward: 2.65
Episode 88/2000, Reward: 2.43, ploss: -1.5675103664398193, aloss:0.000651283364277333, berr1:45.967079162597656, berr2:45.84971237182617
 88/2000,EPReward: 2.43
Episode 89/2000, Reward: -0.96, ploss: -2.0411205291748047, aloss:0.00041489300201646984, berr1:41.38140869140625, berr2:41.01806640625
 89/2000,EPReward: -0.96
Episode 90/2000, Reward: -0.10, ploss: -1.7720062732696533, aloss:0.000216810658457689, berr1:50.45162582397461, berr2:50.159385681152344
 90/2000,EPReward: -0.10
Episode 91/2000, Reward: -1.43, ploss: -1.4470192193984985, aloss:0.0002096017124131322, berr1:37.144187927246094, berr2:36.9660530090332
 91/2000,EPReward: -1.43
Episode 92/2000, Reward: -1.28, ploss: -1.7021417617797852, aloss:0.00011099580297013745, berr1:46.048309326171875, berr2:45.413536071777344
 92/2000,EPReward: -1.28
Episode 93/2000, Reward: 1.31, ploss: -1.304862141609192, aloss:0.00020725038484670222, berr1:32.81903076171875, berr2:32.691162109375
 93/2000,EPReward: 1.31
Episode 94/2000, Reward: 1.11, ploss: -1.2506883144378662, aloss:0.00022611231543123722, berr1:37.489601135253906, berr2:37.073402404785156
 94/2000,EPReward: 1.11
Episode 95/2000, Reward: 8.15, ploss: -1.1671050786972046, aloss:0.00020575113012455404, berr1:35.41180419921875, berr2:35.39482879638672
 95/2000,EPReward: 8.15
Episode 96/2000, Reward: 0.89, ploss: -1.1405411958694458, aloss:0.00012883282033726573, berr1:33.15414810180664, berr2:32.80429458618164
 96/2000,EPReward: 0.89
Episode 97/2000, Reward: -20.30, ploss: -0.9814189672470093, aloss:0.00015456057735718787, berr1:31.174753189086914, berr2:31.46006965637207
 97/2000,EPReward: -20.30
Episode 98/2000, Reward: -0.06, ploss: -0.9937636852264404, aloss:9.856402175500989e-05, berr1:32.310184478759766, berr2:32.440513610839844
 98/2000,EPReward: -0.06
Episode 99/2000, Reward: 0.28, ploss: -1.167248249053955, aloss:8.47348928800784e-05, berr1:34.75643539428711, berr2:34.684669494628906
 99/2000,EPReward: 0.28
Episode 100/2000, Reward: -1.65, ploss: -1.1666512489318848, aloss:4.6368826588150114e-05, berr1:31.994789123535156, berr2:32.09284210205078
 100/2000,EPReward: -1.65
Saved checkpoint at episode 100
Episode 101/2000, Reward: -1.94, ploss: -1.3781120777130127, aloss:2.3740667529636994e-05, berr1:42.01360321044922, berr2:41.5810432434082
 101/2000,EPReward: -1.94
Episode 102/2000, Reward: 9.82, ploss: -1.756493330001831, aloss:1.7148098777397536e-05, berr1:37.18121337890625, berr2:36.811439514160156
 102/2000,EPReward: 9.82
Episode 103/2000, Reward: 0.03, ploss: -1.4174120426177979, aloss:2.1172332708374597e-05, berr1:39.264339447021484, berr2:38.84587478637695
 103/2000,EPReward: 0.03
Episode 104/2000, Reward: -0.51, ploss: -1.340958595275879, aloss:3.204655149602331e-05, berr1:32.70012664794922, berr2:32.25893020629883
 104/2000,EPReward: -0.51
Episode 105/2000, Reward: -20.50, ploss: -1.6511945724487305, aloss:2.1019379346398637e-05, berr1:34.35098648071289, berr2:33.959800720214844
 105/2000,EPReward: -20.50
Episode 106/2000, Reward: -20.50, ploss: -1.2465193271636963, aloss:2.422295801807195e-05, berr1:37.98102951049805, berr2:37.797386169433594
 106/2000,EPReward: -20.50
Episode 107/2000, Reward: -1.35, ploss: -1.4904348850250244, aloss:9.847217370406725e-06, berr1:38.69873809814453, berr2:38.60826873779297
 107/2000,EPReward: -1.35
Episode 108/2000, Reward: -20.50, ploss: -1.6007814407348633, aloss:2.3024745132715907e-06, berr1:36.55884552001953, berr2:36.07129669189453
 108/2000,EPReward: -20.50
Episode 109/2000, Reward: -20.50, ploss: -1.4243580102920532, aloss:-2.0850616238021757e-06, berr1:34.24734115600586, berr2:34.05262756347656
 109/2000,EPReward: -20.50
Episode 110/2000, Reward: -0.82, ploss: -1.462390422821045, aloss:-6.944617780391127e-06, berr1:36.124122619628906, berr2:35.89549255371094
 110/2000,EPReward: -0.82
Episode 111/2000, Reward: -0.74, ploss: -1.3119817972183228, aloss:-1.2371912816888653e-05, berr1:33.80767059326172, berr2:33.38335418701172
 111/2000,EPReward: -0.74
Episode 112/2000, Reward: 3.30, ploss: -1.2044974565505981, aloss:-6.022762590873754e-06, berr1:50.225582122802734, berr2:49.65802764892578
 112/2000,EPReward: 3.30
Episode 113/2000, Reward: -1.01, ploss: -1.2524405717849731, aloss:-2.7362590117263608e-05, berr1:42.069278717041016, berr2:41.594268798828125
 113/2000,EPReward: -1.01
Episode 114/2000, Reward: 1.22, ploss: -0.9716648459434509, aloss:-4.861807246925309e-05, berr1:35.68344497680664, berr2:35.29651641845703
 114/2000,EPReward: 1.22
Episode 115/2000, Reward: 6.52, ploss: -1.1048640012741089, aloss:-8.579720451962203e-05, berr1:37.60115051269531, berr2:37.322757720947266
 115/2000,EPReward: 6.52
Episode 116/2000, Reward: -20.50, ploss: -0.9669020771980286, aloss:-0.00014278650633059442, berr1:39.18234634399414, berr2:38.82093811035156
 116/2000,EPReward: -20.50
Episode 117/2000, Reward: -20.50, ploss: -0.9354288578033447, aloss:-0.0001980765664484352, berr1:39.543296813964844, berr2:39.171730041503906
 117/2000,EPReward: -20.50
Episode 118/2000, Reward: -20.50, ploss: -0.7370663285255432, aloss:-0.00021838858083356172, berr1:37.3248176574707, berr2:36.99991226196289
 118/2000,EPReward: -20.50
Episode 119/2000, Reward: -1.50, ploss: -0.7157529592514038, aloss:-0.00019890762632712722, berr1:46.60020446777344, berr2:45.89167022705078
 119/2000,EPReward: -1.50
Episode 120/2000, Reward: -20.50, ploss: -0.8163571357727051, aloss:-0.00017906755965668708, berr1:39.27214813232422, berr2:38.731658935546875
 120/2000,EPReward: -20.50
Episode 121/2000, Reward: -20.50, ploss: -0.5262049436569214, aloss:-0.00018112613179255277, berr1:49.32598114013672, berr2:48.86880111694336
 121/2000,EPReward: -20.50
Episode 122/2000, Reward: 4.45, ploss: -0.4596039056777954, aloss:-0.00016148376744240522, berr1:39.119136810302734, berr2:38.782470703125
 122/2000,EPReward: 4.45
Episode 123/2000, Reward: 0.49, ploss: -0.5014162659645081, aloss:-0.00019940246420446783, berr1:39.37254333496094, berr2:38.8982048034668
 123/2000,EPReward: 0.49
Episode 124/2000, Reward: -20.50, ploss: -0.5817636847496033, aloss:-0.000149880739627406, berr1:36.16309356689453, berr2:35.556861877441406
 124/2000,EPReward: -20.50
Episode 125/2000, Reward: 2.25, ploss: -0.38201817870140076, aloss:-0.00017190286598633975, berr1:49.58951187133789, berr2:49.036346435546875
 125/2000,EPReward: 2.25
Episode 126/2000, Reward: -20.70, ploss: -0.4751809239387512, aloss:-0.0002280019543832168, berr1:40.94784927368164, berr2:40.1318244934082
 126/2000,EPReward: -20.70
Episode 127/2000, Reward: -0.32, ploss: -0.5574253797531128, aloss:-0.00025632083998061717, berr1:49.73963928222656, berr2:49.21672821044922
 127/2000,EPReward: -0.32
Episode 128/2000, Reward: -0.98, ploss: -0.36357980966567993, aloss:-0.00028886517975479364, berr1:35.506710052490234, berr2:34.760257720947266
 128/2000,EPReward: -0.98
Episode 129/2000, Reward: -0.70, ploss: -0.655134379863739, aloss:-0.0003668619319796562, berr1:35.222835540771484, berr2:34.91698455810547
 129/2000,EPReward: -0.70
Episode 130/2000, Reward: -20.50, ploss: -0.550345778465271, aloss:-0.00037853961111977696, berr1:40.19042205810547, berr2:39.48535919189453
 130/2000,EPReward: -20.50
Episode 131/2000, Reward: 1.56, ploss: -0.5007932186126709, aloss:-0.0004362477920949459, berr1:40.37902069091797, berr2:39.692161560058594
 131/2000,EPReward: 1.56
Episode 132/2000, Reward: -20.50, ploss: -0.47267839312553406, aloss:-0.0003871866501867771, berr1:41.64730453491211, berr2:40.94957733154297
 132/2000,EPReward: -20.50
Episode 133/2000, Reward: -1.61, ploss: -0.21354913711547852, aloss:-0.0005591963417828083, berr1:53.411190032958984, berr2:52.604373931884766
 133/2000,EPReward: -1.61
Episode 134/2000, Reward: -1.23, ploss: -0.5222119688987732, aloss:-0.0005410596495494246, berr1:41.97394943237305, berr2:40.846248626708984
 134/2000,EPReward: -1.23
Episode 135/2000, Reward: -0.30, ploss: -0.34005630016326904, aloss:-0.000728643499314785, berr1:45.352577209472656, berr2:44.16191482543945
 135/2000,EPReward: -0.30
Episode 136/2000, Reward: 3.92, ploss: 0.08060915768146515, aloss:-0.00089465850032866, berr1:50.90754318237305, berr2:49.75459289550781
 136/2000,EPReward: 3.92
Episode 137/2000, Reward: 8.27, ploss: 0.15942537784576416, aloss:-0.0014158131089061499, berr1:42.321353912353516, berr2:41.23167419433594
 137/2000,EPReward: 8.27
Episode 138/2000, Reward: 4.75, ploss: 0.025840401649475098, aloss:-0.0017697598086670041, berr1:45.88601303100586, berr2:44.714683532714844
 138/2000,EPReward: 4.75
Episode 139/2000, Reward: 1.04, ploss: -0.6271092295646667, aloss:-0.0016503004590049386, berr1:33.21498489379883, berr2:32.69501495361328
 139/2000,EPReward: 1.04
Episode 140/2000, Reward: -1.96, ploss: -0.48868685960769653, aloss:-0.0017571120988577604, berr1:39.65120315551758, berr2:38.730125427246094
 140/2000,EPReward: -1.96
Episode 141/2000, Reward: -1.89, ploss: -0.5724278092384338, aloss:-0.0020318878814578056, berr1:40.09103012084961, berr2:39.137603759765625
 141/2000,EPReward: -1.89
Episode 142/2000, Reward: 0.30, ploss: -0.8941094279289246, aloss:-0.0016442653723061085, berr1:40.55583572387695, berr2:39.77414321899414
 142/2000,EPReward: 0.30
Episode 143/2000, Reward: -0.93, ploss: -0.9520062804222107, aloss:-0.0014600430149585009, berr1:42.0428581237793, berr2:40.692359924316406
 143/2000,EPReward: -0.93
Episode 144/2000, Reward: -20.50, ploss: -0.747382402420044, aloss:-0.0017226367490366101, berr1:50.81972885131836, berr2:49.90306091308594
 144/2000,EPReward: -20.50
Episode 145/2000, Reward: -1.54, ploss: -0.6161128282546997, aloss:-0.0018992770928889513, berr1:45.77618408203125, berr2:44.25212478637695
 145/2000,EPReward: -1.54
Episode 146/2000, Reward: -20.50, ploss: -0.836117684841156, aloss:-0.0013961229706183076, berr1:53.10506820678711, berr2:51.58473205566406
 146/2000,EPReward: -20.50
Episode 147/2000, Reward: -20.50, ploss: -0.8151911497116089, aloss:-0.0015424429439008236, berr1:40.50433349609375, berr2:39.368438720703125
 147/2000,EPReward: -20.50
Episode 148/2000, Reward: 2.20, ploss: -0.08275685459375381, aloss:-0.0014535582158714533, berr1:45.66111373901367, berr2:44.88435363769531
 148/2000,EPReward: 2.20
Episode 149/2000, Reward: 5.47, ploss: 0.33697745203971863, aloss:-0.0013493670849129558, berr1:39.803619384765625, berr2:39.48570251464844
 149/2000,EPReward: 5.47
Episode 150/2000, Reward: 2.81, ploss: 0.5408735275268555, aloss:-0.0013434853171929717, berr1:39.5267448425293, berr2:38.62142562866211
 150/2000,EPReward: 2.81
Episode 151/2000, Reward: -2.05, ploss: 0.5048249959945679, aloss:-0.0012077911524102092, berr1:34.65410232543945, berr2:34.417171478271484
 151/2000,EPReward: -2.05
Episode 152/2000, Reward: 0.04, ploss: -0.29661887884140015, aloss:-0.0006232118466868997, berr1:33.280006408691406, berr2:32.982582092285156
 152/2000,EPReward: 0.04
Episode 153/2000, Reward: -20.50, ploss: 0.05933307856321335, aloss:-0.0003703157417476177, berr1:43.64413070678711, berr2:42.300567626953125
 153/2000,EPReward: -20.50
Episode 154/2000, Reward: 0.66, ploss: -0.3469793200492859, aloss:-8.395003533223644e-05, berr1:31.491683959960938, berr2:30.76983070373535
 154/2000,EPReward: 0.66
Episode 155/2000, Reward: -0.23, ploss: -0.47132551670074463, aloss:0.000125536898849532, berr1:36.85796356201172, berr2:35.540374755859375
 155/2000,EPReward: -0.23
Episode 156/2000, Reward: -0.37, ploss: -0.3392740488052368, aloss:0.00037695872015319765, berr1:39.0715446472168, berr2:38.31853485107422
 156/2000,EPReward: -0.37
Episode 157/2000, Reward: -20.50, ploss: -0.5816857218742371, aloss:0.0005339003400877118, berr1:41.44856643676758, berr2:39.751182556152344
 157/2000,EPReward: -20.50
Episode 158/2000, Reward: -0.62, ploss: -0.5784661769866943, aloss:0.0006303335539996624, berr1:46.01660919189453, berr2:44.897491455078125
 158/2000,EPReward: -0.62
Episode 159/2000, Reward: 0.18, ploss: -0.4190275967121124, aloss:0.0006647828267887235, berr1:35.07320785522461, berr2:33.36064910888672
 159/2000,EPReward: 0.18
Episode 160/2000, Reward: 1.13, ploss: -0.7694283723831177, aloss:0.000724758196156472, berr1:46.93012237548828, berr2:44.715877532958984
 160/2000,EPReward: 1.13
Episode 161/2000, Reward: -19.50, ploss: -0.5606147050857544, aloss:0.0007424400537274778, berr1:42.49415588378906, berr2:41.239356994628906
 161/2000,EPReward: -19.50
Episode 162/2000, Reward: 1.91, ploss: 0.05830813944339752, aloss:0.0007270289352163672, berr1:38.996891021728516, berr2:37.36690139770508
 162/2000,EPReward: 1.91
Episode 163/2000, Reward: -19.50, ploss: 0.3105432093143463, aloss:0.0006950255483388901, berr1:47.705848693847656, berr2:45.599449157714844
 163/2000,EPReward: -19.50
Episode 164/2000, Reward: 0.43, ploss: 0.6700328588485718, aloss:0.0006255207117646933, berr1:39.65760040283203, berr2:38.42074966430664
 164/2000,EPReward: 0.43
Episode 165/2000, Reward: -0.54, ploss: 0.9043233394622803, aloss:0.0005056234658695757, berr1:42.295570373535156, berr2:40.367340087890625
 165/2000,EPReward: -0.54
Episode 166/2000, Reward: 2.44, ploss: 0.7919864058494568, aloss:0.0003026291378773749, berr1:39.76130676269531, berr2:38.71160125732422
 166/2000,EPReward: 2.44
Episode 167/2000, Reward: 4.15, ploss: 0.9174839854240417, aloss:-4.44504403276369e-05, berr1:39.79513931274414, berr2:38.89269256591797
 167/2000,EPReward: 4.15
Episode 168/2000, Reward: 3.67, ploss: 0.8101794719696045, aloss:-0.00043540081242099404, berr1:48.003501892089844, berr2:45.81829071044922
 168/2000,EPReward: 3.67
Episode 169/2000, Reward: 5.57, ploss: 0.7077925205230713, aloss:-0.0010517735499888659, berr1:46.96510696411133, berr2:44.00901794433594
 169/2000,EPReward: 5.57
Episode 170/2000, Reward: -19.50, ploss: 0.3472574055194855, aloss:-0.001617845962755382, berr1:35.945472717285156, berr2:34.831993103027344
 170/2000,EPReward: -19.50
Episode 171/2000, Reward: 8.35, ploss: 0.10653942823410034, aloss:-0.0021657710894942284, berr1:47.067596435546875, berr2:45.82301330566406
 171/2000,EPReward: 8.35
Episode 172/2000, Reward: -0.60, ploss: 0.3488827347755432, aloss:-0.0022985695395618677, berr1:51.405418395996094, berr2:50.56686019897461
 172/2000,EPReward: -0.60
Episode 173/2000, Reward: -20.30, ploss: 0.4090750813484192, aloss:-0.002310933545231819, berr1:49.07493209838867, berr2:47.5732536315918
 173/2000,EPReward: -20.30
Episode 174/2000, Reward: -1.07, ploss: 0.872262179851532, aloss:-0.0023879054933786392, berr1:47.91252517700195, berr2:45.55198669433594
 174/2000,EPReward: -1.07
Episode 175/2000, Reward: -0.12, ploss: 1.23676335811615, aloss:-0.002520914189517498, berr1:43.660888671875, berr2:42.299861907958984
 175/2000,EPReward: -0.12
Episode 176/2000, Reward: 2.33, ploss: 0.7507897615432739, aloss:-0.0024958208668977022, berr1:38.22904968261719, berr2:36.72087860107422
 176/2000,EPReward: 2.33
Episode 177/2000, Reward: 0.97, ploss: 0.768898606300354, aloss:-0.0025263510178774595, berr1:41.512184143066406, berr2:40.4553337097168
 177/2000,EPReward: 0.97
Episode 178/2000, Reward: 0.32, ploss: 0.2796650528907776, aloss:-0.002991211600601673, berr1:39.4605712890625, berr2:38.09495544433594
 178/2000,EPReward: 0.32
Episode 179/2000, Reward: 0.46, ploss: 0.3444921374320984, aloss:-0.002518200082704425, berr1:48.59903335571289, berr2:45.514404296875
 179/2000,EPReward: 0.46
Episode 180/2000, Reward: 0.11, ploss: 0.734460711479187, aloss:-0.0020186882466077805, berr1:49.341461181640625, berr2:46.54469299316406
 180/2000,EPReward: 0.11
Episode 181/2000, Reward: 5.60, ploss: 0.19457414746284485, aloss:-0.002417193725705147, berr1:40.76307678222656, berr2:39.640357971191406
 181/2000,EPReward: 5.60
Episode 182/2000, Reward: -1.07, ploss: 0.3328685164451599, aloss:-0.0025427606888115406, berr1:46.95108413696289, berr2:45.12726593017578
 182/2000,EPReward: -1.07
Episode 183/2000, Reward: -0.68, ploss: -0.09082482755184174, aloss:-0.0023761519696563482, berr1:31.837804794311523, berr2:32.29936981201172
 183/2000,EPReward: -0.68
Episode 184/2000, Reward: 0.09, ploss: 0.5886391997337341, aloss:-0.0019752979278564453, berr1:41.31591796875, berr2:40.630088806152344
 184/2000,EPReward: 0.09
Episode 185/2000, Reward: 2.97, ploss: 0.16126719117164612, aloss:-0.0020741147454828024, berr1:38.016841888427734, berr2:37.572967529296875
 185/2000,EPReward: 2.97
Episode 186/2000, Reward: -0.97, ploss: 0.07061862200498581, aloss:-0.0023646466434001923, berr1:36.556358337402344, berr2:34.43871307373047
 186/2000,EPReward: -0.97
Episode 187/2000, Reward: -19.50, ploss: -0.10942373424768448, aloss:-0.0024805129505693913, berr1:48.317649841308594, berr2:45.15690231323242
 187/2000,EPReward: -19.50
Episode 188/2000, Reward: -0.55, ploss: 0.5628675222396851, aloss:-0.00237697409465909, berr1:38.936973571777344, berr2:36.17284393310547
 188/2000,EPReward: -0.55
Episode 189/2000, Reward: -0.49, ploss: 0.23551206290721893, aloss:-0.0015937499701976776, berr1:31.672290802001953, berr2:30.452150344848633
 189/2000,EPReward: -0.49
Episode 190/2000, Reward: 3.58, ploss: 0.794346272945404, aloss:-0.0012721869861707091, berr1:41.41289520263672, berr2:38.78603744506836
 190/2000,EPReward: 3.58
Episode 191/2000, Reward: 3.36, ploss: 0.5962345004081726, aloss:-0.0008847660501487553, berr1:34.094024658203125, berr2:31.59474754333496
 191/2000,EPReward: 3.36
Episode 192/2000, Reward: -20.50, ploss: 0.31643053889274597, aloss:-0.0004838228633161634, berr1:37.213043212890625, berr2:36.047813415527344
 192/2000,EPReward: -20.50
Episode 193/2000, Reward: -20.50, ploss: 0.18190371990203857, aloss:-0.0001794520067051053, berr1:35.87076950073242, berr2:33.63660430908203
 193/2000,EPReward: -20.50
Episode 194/2000, Reward: -1.19, ploss: 0.03659920394420624, aloss:-2.0387842596392147e-06, berr1:28.685928344726562, berr2:29.125797271728516
 194/2000,EPReward: -1.19
Episode 195/2000, Reward: 1.88, ploss: -0.12107601016759872, aloss:7.050452404655516e-05, berr1:40.45916748046875, berr2:38.67437744140625
 195/2000,EPReward: 1.88
Episode 196/2000, Reward: 2.27, ploss: -0.4227186441421509, aloss:0.0001463471562601626, berr1:36.87845993041992, berr2:35.746009826660156
 196/2000,EPReward: 2.27
Episode 197/2000, Reward: -1.59, ploss: -0.5487021803855896, aloss:6.39007703284733e-05, berr1:34.8678092956543, berr2:34.38916015625
 197/2000,EPReward: -1.59
Episode 198/2000, Reward: 0.18, ploss: -0.18322345614433289, aloss:-0.00012893025996163487, berr1:39.19627380371094, berr2:37.37886428833008
 198/2000,EPReward: 0.18
Episode 199/2000, Reward: 4.84, ploss: 0.1674296259880066, aloss:-0.00019333441741764545, berr1:43.321075439453125, berr2:39.75984191894531
 199/2000,EPReward: 4.84
Episode 200/2000, Reward: -1.32, ploss: 0.6757467985153198, aloss:-0.0003800214035436511, berr1:46.71863555908203, berr2:44.49005126953125
 200/2000,EPReward: -1.32
Saved checkpoint at episode 200
Episode 201/2000, Reward: -1.72, ploss: 1.0427746772766113, aloss:-0.0008354409947060049, berr1:38.69425582885742, berr2:37.21147918701172
 201/2000,EPReward: -1.72
Episode 202/2000, Reward: -1.59, ploss: 1.2041512727737427, aloss:-0.0011551097268238664, berr1:44.14728546142578, berr2:41.6572265625
 202/2000,EPReward: -1.59
Episode 203/2000, Reward: -1.38, ploss: 1.0231719017028809, aloss:-0.0016538501949980855, berr1:35.603973388671875, berr2:33.15612030029297
 203/2000,EPReward: -1.38
Episode 204/2000, Reward: -0.58, ploss: 0.7608770728111267, aloss:-0.0014438555808737874, berr1:37.086727142333984, berr2:35.25054168701172
 204/2000,EPReward: -0.58
Episode 205/2000, Reward: 2.01, ploss: 0.4682921767234802, aloss:-0.0012295178603380919, berr1:41.73616409301758, berr2:38.75962829589844
 205/2000,EPReward: 2.01
Episode 206/2000, Reward: -20.50, ploss: -0.10563862323760986, aloss:-0.0010227661114186049, berr1:40.567989349365234, berr2:39.01675033569336
 206/2000,EPReward: -20.50
Episode 207/2000, Reward: 2.48, ploss: -0.5117624402046204, aloss:-0.0007171706529334188, berr1:34.62299346923828, berr2:33.82804870605469
 207/2000,EPReward: 2.48
Episode 208/2000, Reward: -0.64, ploss: -1.1747057437896729, aloss:-0.0006164219812490046, berr1:36.961952209472656, berr2:34.717716217041016
 208/2000,EPReward: -0.64
Episode 209/2000, Reward: -1.87, ploss: -0.7823214530944824, aloss:-0.00022584474936593324, berr1:30.38596534729004, berr2:30.531320571899414
 209/2000,EPReward: -1.87
Episode 210/2000, Reward: -0.26, ploss: -0.08771523833274841, aloss:0.00015638407785445452, berr1:34.69636535644531, berr2:34.13404083251953
 210/2000,EPReward: -0.26
Episode 211/2000, Reward: -0.12, ploss: -0.21392589807510376, aloss:0.0002575526887085289, berr1:31.917312622070312, berr2:31.344440460205078
 211/2000,EPReward: -0.12
Episode 212/2000, Reward: -0.10, ploss: 0.6495710611343384, aloss:0.0005212718388065696, berr1:44.82081985473633, berr2:42.208492279052734
 212/2000,EPReward: -0.10
Episode 213/2000, Reward: 1.61, ploss: 0.7578490376472473, aloss:0.0004673943913076073, berr1:32.20233154296875, berr2:31.508825302124023
 213/2000,EPReward: 1.61
Episode 214/2000, Reward: -20.50, ploss: 1.1207444667816162, aloss:0.0005616848939098418, berr1:38.435848236083984, berr2:36.271358489990234
 214/2000,EPReward: -20.50
Episode 215/2000, Reward: -20.50, ploss: 1.736903429031372, aloss:0.0005840185913257301, berr1:32.90423583984375, berr2:34.01096725463867
 215/2000,EPReward: -20.50
Episode 216/2000, Reward: 4.93, ploss: 1.313883900642395, aloss:0.0004872172139585018, berr1:38.470909118652344, berr2:37.420257568359375
 216/2000,EPReward: 4.93
Episode 217/2000, Reward: -0.40, ploss: 0.8947768807411194, aloss:0.0003142222121823579, berr1:36.519287109375, berr2:35.30200958251953
 217/2000,EPReward: -0.40
Episode 218/2000, Reward: 6.81, ploss: 0.8946148157119751, aloss:5.932969361310825e-05, berr1:36.910003662109375, berr2:35.9709358215332
 218/2000,EPReward: 6.81
Episode 219/2000, Reward: 8.55, ploss: -0.1543138176202774, aloss:-0.00028482836205512285, berr1:31.8535213470459, berr2:30.40367889404297
 219/2000,EPReward: 8.55
Episode 220/2000, Reward: -20.50, ploss: -0.6484917402267456, aloss:-0.0006630691350437701, berr1:33.37074279785156, berr2:32.03712463378906
 220/2000,EPReward: -20.50
Episode 221/2000, Reward: -0.52, ploss: -0.3480589687824249, aloss:-0.0008720409823581576, berr1:40.260406494140625, berr2:40.728755950927734
 221/2000,EPReward: -0.52
Episode 222/2000, Reward: -19.50, ploss: 0.016406327486038208, aloss:-0.0010599790839478374, berr1:43.41393280029297, berr2:42.1914176940918
 222/2000,EPReward: -19.50
Episode 223/2000, Reward: -1.69, ploss: 0.6022169589996338, aloss:-0.0010286371689289808, berr1:29.863975524902344, berr2:29.514698028564453
 223/2000,EPReward: -1.69
Episode 224/2000, Reward: -20.50, ploss: -0.11037299036979675, aloss:-0.0011954536894336343, berr1:39.64087677001953, berr2:38.190799713134766
 224/2000,EPReward: -20.50
Episode 225/2000, Reward: 0.07, ploss: 1.0735489130020142, aloss:-0.0008952893549576402, berr1:27.43275260925293, berr2:27.399972915649414
 225/2000,EPReward: 0.07
Episode 226/2000, Reward: -0.64, ploss: 1.561128854751587, aloss:-0.0006661002989858389, berr1:48.29798126220703, berr2:46.55596160888672
 226/2000,EPReward: -0.64
Episode 227/2000, Reward: 1.86, ploss: 1.7081005573272705, aloss:-0.000625239044893533, berr1:38.161582946777344, berr2:38.13856506347656
 227/2000,EPReward: 1.86
Episode 228/2000, Reward: -1.27, ploss: 1.5235812664031982, aloss:-0.0005067171296104789, berr1:40.29991149902344, berr2:38.91585159301758
 228/2000,EPReward: -1.27
Episode 229/2000, Reward: -1.27, ploss: 1.379109263420105, aloss:-0.00031330459751188755, berr1:37.84043502807617, berr2:37.953006744384766
 229/2000,EPReward: -1.27
Episode 230/2000, Reward: 6.59, ploss: 0.7938828468322754, aloss:-7.825484499335289e-05, berr1:37.36152648925781, berr2:36.750579833984375
 230/2000,EPReward: 6.59
Episode 231/2000, Reward: 1.08, ploss: 0.4656940996646881, aloss:6.769622268620878e-05, berr1:43.10419845581055, berr2:42.03779220581055
 231/2000,EPReward: 1.08
Episode 232/2000, Reward: 0.83, ploss: 0.01744915544986725, aloss:4.790231105289422e-05, berr1:41.08143997192383, berr2:41.28203582763672
 232/2000,EPReward: 0.83
Episode 233/2000, Reward: -20.50, ploss: 0.5862985849380493, aloss:0.0003013914392795414, berr1:42.96269989013672, berr2:41.39739227294922
 233/2000,EPReward: -20.50
Episode 234/2000, Reward: 5.09, ploss: 0.5985337495803833, aloss:0.0002673874842002988, berr1:26.698331832885742, berr2:26.883419036865234
 234/2000,EPReward: 5.09
Episode 235/2000, Reward: -19.50, ploss: 1.1128402948379517, aloss:0.0003577088064048439, berr1:43.07984924316406, berr2:40.03986358642578
 235/2000,EPReward: -19.50
Episode 236/2000, Reward: -20.50, ploss: 0.08361553400754929, aloss:0.00031607109121978283, berr1:39.47841262817383, berr2:39.41571807861328
 236/2000,EPReward: -20.50
Episode 237/2000, Reward: -1.54, ploss: 0.8472139835357666, aloss:0.00018998616724275053, berr1:35.758113861083984, berr2:35.254268646240234
 237/2000,EPReward: -1.54
Episode 238/2000, Reward: -0.15, ploss: 0.4292982518672943, aloss:-0.0001318504655500874, berr1:35.97749710083008, berr2:35.334938049316406
 238/2000,EPReward: -0.15
Episode 239/2000, Reward: 0.84, ploss: 0.45759984850883484, aloss:-0.00026526767760515213, berr1:33.95236587524414, berr2:33.71302032470703
 239/2000,EPReward: 0.84
Episode 240/2000, Reward: 5.12, ploss: 0.8651706576347351, aloss:-0.0008624761248938739, berr1:42.05101013183594, berr2:41.262046813964844
 240/2000,EPReward: 5.12
Episode 241/2000, Reward: -0.81, ploss: 0.8803703784942627, aloss:-0.0012585321674123406, berr1:33.76618576049805, berr2:33.46266174316406
 241/2000,EPReward: -0.81
Episode 242/2000, Reward: -20.50, ploss: 1.2350244522094727, aloss:-0.001867964630946517, berr1:35.19820022583008, berr2:34.91903305053711
 242/2000,EPReward: -20.50
Episode 243/2000, Reward: 1.83, ploss: 1.5144691467285156, aloss:-0.0019179920200258493, berr1:42.801448822021484, berr2:42.96146774291992
 243/2000,EPReward: 1.83
Episode 244/2000, Reward: 0.49, ploss: 1.6311804056167603, aloss:-0.0024507674388587475, berr1:42.56977462768555, berr2:41.56894302368164
 244/2000,EPReward: 0.49
Episode 245/2000, Reward: -0.71, ploss: 1.933039665222168, aloss:-0.002220058348029852, berr1:31.092575073242188, berr2:31.004192352294922
 245/2000,EPReward: -0.71
Episode 246/2000, Reward: 0.54, ploss: 1.0640195608139038, aloss:-0.0022105718962848186, berr1:36.380619049072266, berr2:35.46202087402344
 246/2000,EPReward: 0.54
Episode 247/2000, Reward: -0.37, ploss: 1.1042348146438599, aloss:-0.002133755013346672, berr1:33.229148864746094, berr2:33.485382080078125
 247/2000,EPReward: -0.37
Episode 248/2000, Reward: 1.02, ploss: 0.7742353081703186, aloss:-0.002196819754317403, berr1:37.44617462158203, berr2:36.81184387207031
 248/2000,EPReward: 1.02
Episode 249/2000, Reward: 1.00, ploss: -0.0018670633435249329, aloss:-0.0018986831419169903, berr1:36.464698791503906, berr2:36.16215133666992
 249/2000,EPReward: 1.00
Episode 250/2000, Reward: -1.22, ploss: 0.5620105862617493, aloss:-0.0018206351669505239, berr1:36.25376510620117, berr2:35.347877502441406
 250/2000,EPReward: -1.22
Episode 251/2000, Reward: -0.07, ploss: 0.18794871866703033, aloss:-0.00165271176956594, berr1:34.99378204345703, berr2:35.317893981933594
 251/2000,EPReward: -0.07
Episode 252/2000, Reward: 1.16, ploss: 0.37427011132240295, aloss:-0.0017062104307115078, berr1:43.682403564453125, berr2:42.667850494384766
 252/2000,EPReward: 1.16
Episode 253/2000, Reward: -20.50, ploss: 1.0055174827575684, aloss:-0.0023380746133625507, berr1:41.37495040893555, berr2:40.315921783447266
 253/2000,EPReward: -20.50
Episode 254/2000, Reward: 2.56, ploss: 0.8327168226242065, aloss:-0.002297183033078909, berr1:36.941078186035156, berr2:37.213584899902344
 254/2000,EPReward: 2.56
Episode 255/2000, Reward: -0.58, ploss: 1.051444172859192, aloss:-0.003048122161999345, berr1:41.86223220825195, berr2:41.438865661621094
 255/2000,EPReward: -0.58
Episode 256/2000, Reward: -1.01, ploss: 1.2805354595184326, aloss:-0.003114116843789816, berr1:29.46173095703125, berr2:29.801345825195312
 256/2000,EPReward: -1.01
Episode 257/2000, Reward: 0.94, ploss: 1.144383192062378, aloss:-0.002796097658574581, berr1:35.21015548706055, berr2:33.74466323852539
 257/2000,EPReward: 0.94
Episode 258/2000, Reward: -0.54, ploss: 0.9972490668296814, aloss:-0.0022537470795214176, berr1:36.704200744628906, berr2:36.062477111816406
 258/2000,EPReward: -0.54
Episode 259/2000, Reward: -0.39, ploss: 0.9976546168327332, aloss:-0.002063693245872855, berr1:37.313995361328125, berr2:37.93737030029297
 259/2000,EPReward: -0.39
Episode 260/2000, Reward: 7.51, ploss: 0.07876600325107574, aloss:-0.001921660965308547, berr1:27.450984954833984, berr2:28.13665771484375
 260/2000,EPReward: 7.51
Episode 261/2000, Reward: -20.30, ploss: 0.020761758089065552, aloss:-0.0022108471021056175, berr1:40.130760192871094, berr2:38.43674087524414
 261/2000,EPReward: -20.30
Episode 262/2000, Reward: -1.19, ploss: 0.13744334876537323, aloss:-0.002556988736614585, berr1:34.41010665893555, berr2:33.89870071411133
 262/2000,EPReward: -1.19
Episode 263/2000, Reward: -1.19, ploss: 0.7706242799758911, aloss:-0.0026373183354735374, berr1:38.83689498901367, berr2:38.77045440673828
 263/2000,EPReward: -1.19
Episode 264/2000, Reward: 4.58, ploss: 1.500853419303894, aloss:-0.0027597800362855196, berr1:43.3067626953125, berr2:42.722904205322266
 264/2000,EPReward: 4.58
Episode 265/2000, Reward: -0.72, ploss: 1.301590085029602, aloss:-0.0030967378988862038, berr1:43.33149337768555, berr2:43.29417419433594
 265/2000,EPReward: -0.72
Episode 266/2000, Reward: -1.31, ploss: 1.9391189813613892, aloss:-0.003971879370510578, berr1:44.1452751159668, berr2:43.936431884765625
 266/2000,EPReward: -1.31
Episode 267/2000, Reward: 13.82, ploss: 2.4202723503112793, aloss:-0.004829667042940855, berr1:36.478004455566406, berr2:35.05965805053711
 267/2000,EPReward: 13.82
Episode 268/2000, Reward: 3.12, ploss: 1.3781635761260986, aloss:-0.006207735277712345, berr1:39.227718353271484, berr2:38.37815475463867
 268/2000,EPReward: 3.12
Episode 269/2000, Reward: 2.10, ploss: 1.1248679161071777, aloss:-0.006595413200557232, berr1:36.01411056518555, berr2:35.394771575927734
 269/2000,EPReward: 2.10
Episode 270/2000, Reward: 5.41, ploss: 1.1034677028656006, aloss:-0.006169727072119713, berr1:40.575645446777344, berr2:40.94316864013672
 270/2000,EPReward: 5.41
Episode 271/2000, Reward: -19.50, ploss: 0.6688567399978638, aloss:-0.00576690724119544, berr1:34.7120475769043, berr2:34.54690933227539
 271/2000,EPReward: -19.50
Episode 272/2000, Reward: -20.50, ploss: -0.0013520941138267517, aloss:-0.004606584087014198, berr1:25.48954963684082, berr2:26.084148406982422
 272/2000,EPReward: -20.50
Episode 273/2000, Reward: -0.31, ploss: -0.29342377185821533, aloss:-0.0035517788492143154, berr1:39.80050277709961, berr2:38.69648742675781
 273/2000,EPReward: -0.31
Episode 274/2000, Reward: 0.63, ploss: -0.6625795960426331, aloss:-0.0027008524630218744, berr1:38.79324722290039, berr2:37.90931701660156
 274/2000,EPReward: 0.63
Episode 275/2000, Reward: -1.47, ploss: 0.2253628522157669, aloss:-0.0023679332807660103, berr1:42.222633361816406, berr2:42.12351608276367
 275/2000,EPReward: -1.47
Episode 276/2000, Reward: -20.50, ploss: 0.9451764822006226, aloss:-0.0016590249724686146, berr1:40.12845230102539, berr2:39.683082580566406
 276/2000,EPReward: -20.50
Episode 277/2000, Reward: 0.34, ploss: 1.2579326629638672, aloss:-0.001588339451700449, berr1:36.02330017089844, berr2:34.37418746948242
 277/2000,EPReward: 0.34
Episode 278/2000, Reward: -2.06, ploss: 1.8360058069229126, aloss:-0.002088394481688738, berr1:36.65855407714844, berr2:37.18867874145508
 278/2000,EPReward: -2.06
Episode 279/2000, Reward: -20.50, ploss: 1.4971508979797363, aloss:-0.002575147431343794, berr1:38.89756393432617, berr2:38.504310607910156
 279/2000,EPReward: -20.50
Episode 280/2000, Reward: -19.50, ploss: 1.580937147140503, aloss:-0.004833472892642021, berr1:37.71554183959961, berr2:37.15876007080078
 280/2000,EPReward: -19.50
Episode 281/2000, Reward: 0.24, ploss: 0.977773904800415, aloss:-0.007184077985584736, berr1:34.9387092590332, berr2:34.42412567138672
 281/2000,EPReward: 0.24
Episode 282/2000, Reward: -0.90, ploss: 1.5860031843185425, aloss:-0.008621305227279663, berr1:36.951332092285156, berr2:36.31623077392578
 282/2000,EPReward: -0.90
Episode 283/2000, Reward: 0.35, ploss: 1.4169824123382568, aloss:-0.009748815558850765, berr1:41.09348678588867, berr2:41.190155029296875
 283/2000,EPReward: 0.35
Episode 284/2000, Reward: -0.59, ploss: 1.2643444538116455, aloss:-0.007953260093927383, berr1:37.98809051513672, berr2:37.85181427001953
 284/2000,EPReward: -0.59
Episode 285/2000, Reward: -1.02, ploss: 0.919255793094635, aloss:-0.005763884633779526, berr1:43.219970703125, berr2:43.0133171081543
 285/2000,EPReward: -1.02
Episode 286/2000, Reward: -1.31, ploss: 0.08740789443254471, aloss:-0.004102637991309166, berr1:37.058963775634766, berr2:36.56732940673828
 286/2000,EPReward: -1.31
Episode 287/2000, Reward: -1.11, ploss: 0.6860390901565552, aloss:-0.0030085439793765545, berr1:32.32429885864258, berr2:31.669342041015625
 287/2000,EPReward: -1.11
Episode 288/2000, Reward: 3.32, ploss: 0.8175584673881531, aloss:-0.0019970263820141554, berr1:31.3794002532959, berr2:30.72359275817871
 288/2000,EPReward: 3.32
Episode 289/2000, Reward: -0.71, ploss: 0.8011768460273743, aloss:-0.001324802404269576, berr1:47.11891555786133, berr2:47.67023849487305
 289/2000,EPReward: -0.71
Episode 290/2000, Reward: -20.50, ploss: 1.1989704370498657, aloss:-0.001672580256126821, berr1:34.286529541015625, berr2:33.48394775390625
 290/2000,EPReward: -20.50
Episode 291/2000, Reward: 4.30, ploss: 1.250846028327942, aloss:-0.0016570704756304622, berr1:33.06353759765625, berr2:32.30342102050781
 291/2000,EPReward: 4.30
Episode 292/2000, Reward: 5.54, ploss: 1.2768439054489136, aloss:-0.0017905461136251688, berr1:40.7569580078125, berr2:39.20548629760742
 292/2000,EPReward: 5.54
Episode 293/2000, Reward: -2.28, ploss: 0.5864602327346802, aloss:-0.002501830691471696, berr1:29.410343170166016, berr2:29.98117446899414
 293/2000,EPReward: -2.28
Episode 294/2000, Reward: -1.04, ploss: 1.1149686574935913, aloss:-0.0033503426238894463, berr1:35.5218620300293, berr2:35.651039123535156
 294/2000,EPReward: -1.04
Episode 295/2000, Reward: 2.14, ploss: 0.6118018627166748, aloss:-0.003830072470009327, berr1:37.36183547973633, berr2:35.9244270324707
 295/2000,EPReward: 2.14
Episode 296/2000, Reward: 6.45, ploss: 0.9944441318511963, aloss:-0.0046044010668993, berr1:34.91246032714844, berr2:34.924198150634766
 296/2000,EPReward: 6.45
Episode 297/2000, Reward: -20.50, ploss: 0.1645660102367401, aloss:-0.0041364640928804874, berr1:33.644248962402344, berr2:33.80487823486328
 297/2000,EPReward: -20.50
Episode 298/2000, Reward: 3.81, ploss: 1.1324509382247925, aloss:-0.005542140454053879, berr1:31.304298400878906, berr2:31.413772583007812
 298/2000,EPReward: 3.81
Episode 299/2000, Reward: -1.16, ploss: 0.3042364716529846, aloss:-0.004781987983733416, berr1:29.846744537353516, berr2:29.839929580688477
 299/2000,EPReward: -1.16
Episode 300/2000, Reward: -20.50, ploss: 0.37579524517059326, aloss:-0.00420282082632184, berr1:42.02357482910156, berr2:41.906463623046875
 300/2000,EPReward: -20.50
Saved checkpoint at episode 300
Episode 301/2000, Reward: -1.11, ploss: 0.5360286235809326, aloss:-0.0032679960131645203, berr1:34.864036560058594, berr2:34.62055969238281
 301/2000,EPReward: -1.11
Episode 302/2000, Reward: -0.69, ploss: 1.1199467182159424, aloss:-0.002847499679774046, berr1:47.11803436279297, berr2:46.974910736083984
 302/2000,EPReward: -0.69
Episode 303/2000, Reward: 0.44, ploss: 1.4942055940628052, aloss:-0.0023936207871884108, berr1:35.79945755004883, berr2:35.845184326171875
 303/2000,EPReward: 0.44
Episode 304/2000, Reward: -20.30, ploss: 1.9795774221420288, aloss:-0.002677072072401643, berr1:38.663997650146484, berr2:38.942012786865234
 304/2000,EPReward: -20.30
Episode 305/2000, Reward: -0.83, ploss: 1.4456839561462402, aloss:-0.0026891925372183323, berr1:36.41227722167969, berr2:35.908775329589844
 305/2000,EPReward: -0.83
Episode 306/2000, Reward: -20.50, ploss: 2.2309765815734863, aloss:-0.0023544933646917343, berr1:38.889610290527344, berr2:38.27706527709961
 306/2000,EPReward: -20.50
Episode 307/2000, Reward: -20.50, ploss: 1.9723939895629883, aloss:-0.002547329291701317, berr1:36.94208908081055, berr2:36.859092712402344
 307/2000,EPReward: -20.50
Episode 308/2000, Reward: -0.40, ploss: 1.4843299388885498, aloss:-0.003488844493404031, berr1:36.44577407836914, berr2:36.08320617675781
 308/2000,EPReward: -0.40
Episode 309/2000, Reward: 0.68, ploss: 1.2290606498718262, aloss:-0.004201269242912531, berr1:40.180076599121094, berr2:40.08473587036133
 309/2000,EPReward: 0.68
Episode 310/2000, Reward: -20.50, ploss: 0.2943326532840729, aloss:-0.004150768276304007, berr1:42.51606369018555, berr2:41.29216384887695
 310/2000,EPReward: -20.50
Episode 311/2000, Reward: 4.56, ploss: 1.1656068563461304, aloss:-0.004018016625195742, berr1:42.921546936035156, berr2:41.66070556640625
 311/2000,EPReward: 4.56
Episode 312/2000, Reward: 7.27, ploss: 0.9699060916900635, aloss:-0.004611503798514605, berr1:41.99309158325195, berr2:41.61505126953125
 312/2000,EPReward: 7.27
Episode 313/2000, Reward: 0.15, ploss: 1.433107614517212, aloss:-0.0047293249517679214, berr1:41.1573371887207, berr2:40.79429626464844
 313/2000,EPReward: 0.15
Episode 314/2000, Reward: 1.26, ploss: 2.362603187561035, aloss:-0.005226809997111559, berr1:44.0265007019043, berr2:43.068519592285156
 314/2000,EPReward: 1.26
Episode 315/2000, Reward: 1.23, ploss: 2.4188661575317383, aloss:-0.00694681890308857, berr1:38.035888671875, berr2:37.769737243652344
 315/2000,EPReward: 1.23
Episode 316/2000, Reward: 0.33, ploss: 2.22621750831604, aloss:-0.008689203299582005, berr1:42.633506774902344, berr2:42.64290237426758
 316/2000,EPReward: 0.33
Episode 317/2000, Reward: -1.08, ploss: 1.4872524738311768, aloss:-0.011602682061493397, berr1:41.237762451171875, berr2:40.5770263671875
 317/2000,EPReward: -1.08
Episode 318/2000, Reward: -1.29, ploss: 1.8869578838348389, aloss:-0.013348246924579144, berr1:37.72639083862305, berr2:37.08247375488281
 318/2000,EPReward: -1.29
Episode 319/2000, Reward: -0.73, ploss: 1.1464768648147583, aloss:-0.016421444714069366, berr1:36.968692779541016, berr2:36.62521743774414
 319/2000,EPReward: -0.73
Episode 320/2000, Reward: 0.52, ploss: -0.0405224934220314, aloss:-0.021220020949840546, berr1:36.68183517456055, berr2:35.1494026184082
 320/2000,EPReward: 0.52
Episode 321/2000, Reward: -1.03, ploss: 0.5773699283599854, aloss:-0.020756619051098824, berr1:39.91374206542969, berr2:39.62214660644531
 321/2000,EPReward: -1.03
Episode 322/2000, Reward: 2.57, ploss: 1.1318612098693848, aloss:-0.01878374256193638, berr1:39.3752326965332, berr2:39.35799026489258
 322/2000,EPReward: 2.57
Episode 323/2000, Reward: 8.67, ploss: 1.0267539024353027, aloss:-0.018471160903573036, berr1:36.29850387573242, berr2:35.946563720703125
 323/2000,EPReward: 8.67
Episode 324/2000, Reward: -20.50, ploss: 0.9990741014480591, aloss:-0.017334498465061188, berr1:38.7728157043457, berr2:38.470096588134766
 324/2000,EPReward: -20.50
Episode 325/2000, Reward: -20.50, ploss: 1.3870693445205688, aloss:-0.015776777639985085, berr1:31.44803237915039, berr2:31.48553466796875
 325/2000,EPReward: -20.50
Episode 326/2000, Reward: 4.61, ploss: 0.7221300005912781, aloss:-0.01529768668115139, berr1:43.4513053894043, berr2:43.66294479370117
 326/2000,EPReward: 4.61
Episode 327/2000, Reward: 0.63, ploss: 0.18335852026939392, aloss:-0.015149564482271671, berr1:28.529481887817383, berr2:27.538320541381836
 327/2000,EPReward: 0.63
Episode 328/2000, Reward: -19.50, ploss: 0.821227490901947, aloss:-0.012230901047587395, berr1:36.99814224243164, berr2:35.785274505615234
 328/2000,EPReward: -19.50
Episode 329/2000, Reward: 4.16, ploss: 0.9111487865447998, aloss:-0.00982703361660242, berr1:35.22270202636719, berr2:35.730281829833984
 329/2000,EPReward: 4.16
Episode 330/2000, Reward: 0.02, ploss: 0.5567452311515808, aloss:-0.008694539777934551, berr1:32.2923583984375, berr2:32.56490707397461
 330/2000,EPReward: 0.02
Episode 331/2000, Reward: -0.10, ploss: 1.2156428098678589, aloss:-0.006756041664630175, berr1:39.181636810302734, berr2:38.712379455566406
 331/2000,EPReward: -0.10
Episode 332/2000, Reward: -19.50, ploss: 0.5878809094429016, aloss:-0.006507366895675659, berr1:35.64961624145508, berr2:35.6060905456543
 332/2000,EPReward: -19.50
Episode 333/2000, Reward: -1.42, ploss: 1.4045302867889404, aloss:-0.005759227555245161, berr1:42.107601165771484, berr2:41.68332290649414
 333/2000,EPReward: -1.42
Episode 334/2000, Reward: -1.07, ploss: 0.1332244873046875, aloss:-0.0062398952431976795, berr1:35.420448303222656, berr2:35.689632415771484
 334/2000,EPReward: -1.07
Episode 335/2000, Reward: 1.49, ploss: 0.5931307077407837, aloss:-0.005775845609605312, berr1:34.560604095458984, berr2:34.00605773925781
 335/2000,EPReward: 1.49
Episode 336/2000, Reward: -20.50, ploss: 1.9693543910980225, aloss:-0.005496172234416008, berr1:48.47358322143555, berr2:48.226383209228516
 336/2000,EPReward: -20.50
Episode 337/2000, Reward: -19.50, ploss: 1.672642707824707, aloss:-0.006248965859413147, berr1:39.72343444824219, berr2:39.26321029663086
 337/2000,EPReward: -19.50
Episode 338/2000, Reward: -20.50, ploss: 2.236172914505005, aloss:-0.007522961124777794, berr1:42.185646057128906, berr2:41.584083557128906
 338/2000,EPReward: -20.50
Episode 339/2000, Reward: -0.86, ploss: 2.2328548431396484, aloss:-0.008811192587018013, berr1:40.21263122558594, berr2:40.2692756652832
 339/2000,EPReward: -0.86
Episode 340/2000, Reward: -1.27, ploss: 2.174349784851074, aloss:-0.010021599940955639, berr1:35.37775802612305, berr2:34.783451080322266
 340/2000,EPReward: -1.27
Episode 341/2000, Reward: -20.50, ploss: 1.915982961654663, aloss:-0.012645600363612175, berr1:40.86559295654297, berr2:40.79144287109375
 341/2000,EPReward: -20.50
Episode 342/2000, Reward: -1.02, ploss: 1.316057562828064, aloss:-0.015892505645751953, berr1:44.30413055419922, berr2:44.6789665222168
 342/2000,EPReward: -1.02
Episode 343/2000, Reward: 1.97, ploss: 1.3304730653762817, aloss:-0.018669351935386658, berr1:32.32062911987305, berr2:32.41713333129883
 343/2000,EPReward: 1.97
Episode 344/2000, Reward: 8.84, ploss: 1.5201493501663208, aloss:-0.01976640522480011, berr1:39.13572692871094, berr2:38.92986297607422
 344/2000,EPReward: 8.84
Episode 345/2000, Reward: 2.14, ploss: 0.38005146384239197, aloss:-0.02166043408215046, berr1:36.64363098144531, berr2:35.80390167236328
 345/2000,EPReward: 2.14
Episode 346/2000, Reward: 2.10, ploss: -0.3029458224773407, aloss:-0.022039055824279785, berr1:41.466121673583984, berr2:40.97608947753906
 346/2000,EPReward: 2.10
Episode 347/2000, Reward: 2.97, ploss: 0.3948768973350525, aloss:-0.023780889809131622, berr1:34.79121017456055, berr2:34.802818298339844
 347/2000,EPReward: 2.97
Episode 348/2000, Reward: -20.50, ploss: 1.1300615072250366, aloss:-0.02158009633421898, berr1:43.71179962158203, berr2:44.06853485107422
 348/2000,EPReward: -20.50
Episode 349/2000, Reward: -1.09, ploss: 1.2627462148666382, aloss:-0.022706063464283943, berr1:41.174617767333984, berr2:41.86543655395508
 349/2000,EPReward: -1.09
Episode 350/2000, Reward: -19.50, ploss: 2.546128988265991, aloss:-0.019327132031321526, berr1:37.94956588745117, berr2:36.95771789550781
 350/2000,EPReward: -19.50
Episode 351/2000, Reward: -1.17, ploss: 2.3335604667663574, aloss:-0.01964046061038971, berr1:44.21842575073242, berr2:43.49283218383789
 351/2000,EPReward: -1.17
Episode 352/2000, Reward: 2.04, ploss: 1.8945858478546143, aloss:-0.019267579540610313, berr1:36.13336181640625, berr2:36.551570892333984
 352/2000,EPReward: 2.04
Episode 353/2000, Reward: -0.55, ploss: 2.932420492172241, aloss:-0.015919256955385208, berr1:37.95194625854492, berr2:37.67914581298828
 353/2000,EPReward: -0.55
Episode 354/2000, Reward: -20.50, ploss: 1.3253508806228638, aloss:-0.0176549032330513, berr1:29.995813369750977, berr2:31.00769805908203
 354/2000,EPReward: -20.50
Episode 355/2000, Reward: -1.83, ploss: 0.5974714756011963, aloss:-0.017267685383558273, berr1:43.295894622802734, berr2:42.165409088134766
 355/2000,EPReward: -1.83
Episode 356/2000, Reward: -1.46, ploss: 0.11995559930801392, aloss:-0.017503751441836357, berr1:37.50812911987305, berr2:36.961708068847656
 356/2000,EPReward: -1.46
Episode 357/2000, Reward: 8.50, ploss: 0.33913007378578186, aloss:-0.017944838851690292, berr1:45.885040283203125, berr2:44.614891052246094
 357/2000,EPReward: 8.50
Episode 358/2000, Reward: -20.50, ploss: 0.7556569576263428, aloss:-0.01828756555914879, berr1:38.07478332519531, berr2:37.696170806884766
 358/2000,EPReward: -20.50
Episode 359/2000, Reward: 0.82, ploss: 1.5668878555297852, aloss:-0.01657257042825222, berr1:40.093360900878906, berr2:39.514129638671875
 359/2000,EPReward: 0.82
Episode 360/2000, Reward: 1.70, ploss: 2.1069118976593018, aloss:-0.016388949006795883, berr1:37.0603141784668, berr2:36.761688232421875
 360/2000,EPReward: 1.70
Episode 361/2000, Reward: -20.50, ploss: 1.893533706665039, aloss:-0.017532147467136383, berr1:40.53271484375, berr2:40.113590240478516
 361/2000,EPReward: -20.50
Episode 362/2000, Reward: -0.58, ploss: 2.183870315551758, aloss:-0.018164105713367462, berr1:30.272371292114258, berr2:30.96227264404297
 362/2000,EPReward: -0.58
Episode 363/2000, Reward: -0.62, ploss: 1.9050134420394897, aloss:-0.018233979120850563, berr1:37.26430892944336, berr2:37.70480728149414
 363/2000,EPReward: -0.62
Episode 364/2000, Reward: 0.89, ploss: 1.4139530658721924, aloss:-0.020151490345597267, berr1:49.86024475097656, berr2:50.83846664428711
 364/2000,EPReward: 0.89
Episode 365/2000, Reward: -0.63, ploss: 1.8862218856811523, aloss:-0.019504722207784653, berr1:46.32110595703125, berr2:45.77323532104492
 365/2000,EPReward: -0.63
Episode 366/2000, Reward: 0.34, ploss: 0.7041367292404175, aloss:-0.019342608749866486, berr1:26.60027313232422, berr2:27.08595085144043
 366/2000,EPReward: 0.34
Episode 367/2000, Reward: -19.50, ploss: 0.7747484445571899, aloss:-0.01745453104376793, berr1:29.340251922607422, berr2:29.62453842163086
 367/2000,EPReward: -19.50
Episode 368/2000, Reward: -19.30, ploss: 0.5018373727798462, aloss:-0.015728754922747612, berr1:34.60552215576172, berr2:34.88082504272461
 368/2000,EPReward: -19.30
Episode 369/2000, Reward: -1.23, ploss: 0.8230006098747253, aloss:-0.013962744735181332, berr1:43.95856857299805, berr2:43.946922302246094
 369/2000,EPReward: -1.23
Episode 370/2000, Reward: -1.69, ploss: 1.178079605102539, aloss:-0.013054591603577137, berr1:44.45998764038086, berr2:43.60591125488281
 370/2000,EPReward: -1.69
Episode 371/2000, Reward: -0.87, ploss: 0.8584651947021484, aloss:-0.010810332372784615, berr1:33.336299896240234, berr2:33.25995635986328
 371/2000,EPReward: -0.87
Episode 372/2000, Reward: 0.43, ploss: 1.3264906406402588, aloss:-0.008769137784838676, berr1:38.621360778808594, berr2:38.697086334228516
 372/2000,EPReward: 0.43
Episode 373/2000, Reward: -0.41, ploss: 2.2187209129333496, aloss:-0.008767060935497284, berr1:39.189483642578125, berr2:39.41932678222656
 373/2000,EPReward: -0.41
Episode 374/2000, Reward: 0.54, ploss: 2.1924526691436768, aloss:-0.008435703814029694, berr1:38.564178466796875, berr2:38.203651428222656
 374/2000,EPReward: 0.54
Episode 375/2000, Reward: -0.48, ploss: 1.566002368927002, aloss:-0.007421375717967749, berr1:45.83071517944336, berr2:44.891761779785156
 375/2000,EPReward: -0.48
Episode 376/2000, Reward: -0.70, ploss: 1.9950954914093018, aloss:-0.0077531724236905575, berr1:30.294658660888672, berr2:30.019943237304688
 376/2000,EPReward: -0.70
Episode 377/2000, Reward: 3.76, ploss: 1.691392421722412, aloss:-0.007949507795274258, berr1:31.239423751831055, berr2:31.387712478637695
 377/2000,EPReward: 3.76
Episode 378/2000, Reward: 3.73, ploss: 1.67134428024292, aloss:-0.00942473579198122, berr1:38.92203140258789, berr2:38.371910095214844
 378/2000,EPReward: 3.73
Episode 379/2000, Reward: 12.86, ploss: 2.5194530487060547, aloss:-0.011815933510661125, berr1:45.227088928222656, berr2:44.92705535888672
 379/2000,EPReward: 12.86
Episode 380/2000, Reward: -0.51, ploss: 2.097564458847046, aloss:-0.013626892119646072, berr1:37.96434783935547, berr2:37.533626556396484
 380/2000,EPReward: -0.51
Episode 381/2000, Reward: -20.50, ploss: 2.8111841678619385, aloss:-0.0157785601913929, berr1:46.42953109741211, berr2:45.69206619262695
 381/2000,EPReward: -20.50
Episode 382/2000, Reward: -1.86, ploss: 2.5455760955810547, aloss:-0.017252400517463684, berr1:40.13298416137695, berr2:39.576934814453125
 382/2000,EPReward: -1.86
Episode 383/2000, Reward: -20.50, ploss: 2.565305709838867, aloss:-0.01899663731455803, berr1:39.850711822509766, berr2:39.78847122192383
 383/2000,EPReward: -20.50
Episode 384/2000, Reward: -20.50, ploss: 2.763253927230835, aloss:-0.019191697239875793, berr1:53.07039260864258, berr2:53.776527404785156
 384/2000,EPReward: -20.50
Episode 385/2000, Reward: -20.50, ploss: 3.1106786727905273, aloss:-0.020095927640795708, berr1:34.47927474975586, berr2:34.85090637207031
 385/2000,EPReward: -20.50
Episode 386/2000, Reward: -20.50, ploss: 2.7324976921081543, aloss:-0.01813935860991478, berr1:47.69078063964844, berr2:46.331417083740234
 386/2000,EPReward: -20.50
Episode 387/2000, Reward: 0.08, ploss: 2.2615184783935547, aloss:-0.01713537983596325, berr1:39.06476974487305, berr2:39.28556823730469
 387/2000,EPReward: 0.08
Episode 388/2000, Reward: 4.98, ploss: 2.348294973373413, aloss:-0.019856730476021767, berr1:40.250938415527344, berr2:39.666847229003906
 388/2000,EPReward: 4.98
Episode 389/2000, Reward: -20.50, ploss: 0.7439126968383789, aloss:-0.018657546490430832, berr1:34.0714225769043, berr2:33.584312438964844
 389/2000,EPReward: -20.50
Episode 390/2000, Reward: 1.89, ploss: 1.4985333681106567, aloss:-0.01850363053381443, berr1:40.07413101196289, berr2:39.88264846801758
 390/2000,EPReward: 1.89
Episode 391/2000, Reward: -19.50, ploss: 1.8990600109100342, aloss:-0.01799846440553665, berr1:39.422096252441406, berr2:38.98683166503906
 391/2000,EPReward: -19.50
Episode 392/2000, Reward: 5.31, ploss: 1.835420846939087, aloss:-0.017130844295024872, berr1:52.28856658935547, berr2:50.86378860473633
 392/2000,EPReward: 5.31
Episode 393/2000, Reward: -20.50, ploss: 1.739667534828186, aloss:-0.014955038204789162, berr1:36.32469177246094, berr2:36.280967712402344
 393/2000,EPReward: -20.50
Episode 394/2000, Reward: 5.76, ploss: 1.885225534439087, aloss:-0.015520505607128143, berr1:36.7504997253418, berr2:36.03470993041992
 394/2000,EPReward: 5.76
Episode 395/2000, Reward: -19.50, ploss: 1.348616123199463, aloss:-0.01449115015566349, berr1:35.88062286376953, berr2:35.68833923339844
 395/2000,EPReward: -19.50
Episode 396/2000, Reward: -1.50, ploss: 1.4615076780319214, aloss:-0.016088342294096947, berr1:43.26692199707031, berr2:42.138031005859375
 396/2000,EPReward: -1.50
Episode 397/2000, Reward: 0.07, ploss: 1.344987154006958, aloss:-0.01585506647825241, berr1:40.915855407714844, berr2:40.87809371948242
 397/2000,EPReward: 0.07
Episode 398/2000, Reward: -19.50, ploss: 1.4443774223327637, aloss:-0.016055453568696976, berr1:35.412628173828125, berr2:35.43577575683594
 398/2000,EPReward: -19.50
Episode 399/2000, Reward: -1.33, ploss: 2.7528748512268066, aloss:-0.014941759407520294, berr1:35.66983413696289, berr2:35.79960250854492
 399/2000,EPReward: -1.33
Episode 400/2000, Reward: 0.79, ploss: 2.905521869659424, aloss:-0.014988807961344719, berr1:40.742393493652344, berr2:41.41263961791992
 400/2000,EPReward: 0.79
Saved checkpoint at episode 400
Episode 401/2000, Reward: -0.65, ploss: 2.304816484451294, aloss:-0.014075669459998608, berr1:33.777809143066406, berr2:34.53860855102539
 401/2000,EPReward: -0.65
Episode 402/2000, Reward: 0.67, ploss: 0.8626492619514465, aloss:-0.015003454871475697, berr1:45.830177307128906, berr2:44.804847717285156
 402/2000,EPReward: 0.67
Episode 403/2000, Reward: -20.50, ploss: 2.499081611633301, aloss:-0.017188675701618195, berr1:40.83488082885742, berr2:40.99375534057617
 403/2000,EPReward: -20.50
Episode 404/2000, Reward: 4.45, ploss: 1.700384497642517, aloss:-0.018226757645606995, berr1:29.504249572753906, berr2:29.706266403198242
 404/2000,EPReward: 4.45
Episode 405/2000, Reward: 8.80, ploss: 2.0982778072357178, aloss:-0.019829370081424713, berr1:50.21384048461914, berr2:49.70854187011719
 405/2000,EPReward: 8.80
Episode 406/2000, Reward: 6.54, ploss: 1.6790128946304321, aloss:-0.02111871913075447, berr1:39.170223236083984, berr2:38.631229400634766
 406/2000,EPReward: 6.54
Episode 407/2000, Reward: 0.75, ploss: 2.450960874557495, aloss:-0.021238284185528755, berr1:37.525123596191406, berr2:37.992347717285156
 407/2000,EPReward: 0.75
Episode 408/2000, Reward: 1.48, ploss: 2.7560009956359863, aloss:-0.020221639424562454, berr1:38.691192626953125, berr2:38.553401947021484
 408/2000,EPReward: 1.48
Episode 409/2000, Reward: -20.50, ploss: 1.7468069791793823, aloss:-0.01808927208185196, berr1:44.123260498046875, berr2:43.85424041748047
 409/2000,EPReward: -20.50
Episode 410/2000, Reward: -1.54, ploss: 2.677035093307495, aloss:-0.01628042571246624, berr1:40.676700592041016, berr2:39.75202941894531
 410/2000,EPReward: -1.54
Episode 411/2000, Reward: -1.80, ploss: 2.9699556827545166, aloss:-0.014915208332240582, berr1:40.43193054199219, berr2:39.5074348449707
 411/2000,EPReward: -1.80
Episode 412/2000, Reward: -0.51, ploss: 3.1859922409057617, aloss:-0.012509533204138279, berr1:36.59621047973633, berr2:36.765777587890625
 412/2000,EPReward: -0.51
Episode 413/2000, Reward: 5.91, ploss: 2.4011549949645996, aloss:-0.012462329119443893, berr1:32.629520416259766, berr2:33.33429718017578
 413/2000,EPReward: 5.91
Episode 414/2000, Reward: -20.50, ploss: 0.9284064769744873, aloss:-0.010232462547719479, berr1:31.851245880126953, berr2:31.768693923950195
 414/2000,EPReward: -20.50
Episode 415/2000, Reward: -1.22, ploss: 1.3467355966567993, aloss:-0.009542789310216904, berr1:50.121246337890625, berr2:49.59107971191406
 415/2000,EPReward: -1.22
Episode 416/2000, Reward: 1.04, ploss: 0.47683048248291016, aloss:-0.008908286690711975, berr1:36.19230651855469, berr2:35.71407699584961
 416/2000,EPReward: 1.04
Episode 417/2000, Reward: -1.08, ploss: 0.832332193851471, aloss:-0.007940484210848808, berr1:45.58989334106445, berr2:45.312313079833984
 417/2000,EPReward: -1.08
Episode 418/2000, Reward: -20.50, ploss: 2.476621150970459, aloss:-0.009593911468982697, berr1:39.677703857421875, berr2:40.2292594909668
 418/2000,EPReward: -20.50
Episode 419/2000, Reward: 0.65, ploss: 2.481433629989624, aloss:-0.009463515132665634, berr1:46.957847595214844, berr2:47.695472717285156
 419/2000,EPReward: 0.65
Episode 420/2000, Reward: -1.78, ploss: 5.34135627746582, aloss:-0.0112914452329278, berr1:45.924163818359375, berr2:46.9163703918457
 420/2000,EPReward: -1.78
Episode 421/2000, Reward: -0.97, ploss: 4.059609413146973, aloss:-0.015199442394077778, berr1:39.88365936279297, berr2:37.99803924560547
 421/2000,EPReward: -0.97
Episode 422/2000, Reward: -1.65, ploss: 5.157824516296387, aloss:-0.01982990652322769, berr1:44.73051452636719, berr2:43.363616943359375
 422/2000,EPReward: -1.65
Episode 423/2000, Reward: 11.39, ploss: 4.1911139488220215, aloss:-0.025549834594130516, berr1:43.40274429321289, berr2:44.13954544067383
 423/2000,EPReward: 11.39
Episode 424/2000, Reward: -20.50, ploss: 1.9174110889434814, aloss:-0.03188179060816765, berr1:40.906856536865234, berr2:41.11387634277344
 424/2000,EPReward: -20.50
Episode 425/2000, Reward: 2.29, ploss: 0.3939884901046753, aloss:-0.03568112477660179, berr1:42.51154327392578, berr2:41.842769622802734
 425/2000,EPReward: 2.29
Episode 426/2000, Reward: -1.28, ploss: 2.7669601440429688, aloss:-0.03425164148211479, berr1:45.5068244934082, berr2:45.01620101928711
 426/2000,EPReward: -1.28
Episode 427/2000, Reward: 5.24, ploss: 0.30909013748168945, aloss:-0.036674730479717255, berr1:33.88315963745117, berr2:33.53131866455078
 427/2000,EPReward: 5.24
Episode 428/2000, Reward: -20.50, ploss: 1.2525599002838135, aloss:-0.03492726758122444, berr1:40.12740707397461, berr2:39.31398010253906
 428/2000,EPReward: -20.50
Episode 429/2000, Reward: -1.65, ploss: 1.5785874128341675, aloss:-0.033157166093587875, berr1:47.72257614135742, berr2:47.4285774230957
 429/2000,EPReward: -1.65
Episode 430/2000, Reward: 0.95, ploss: 2.207688331604004, aloss:-0.030620956793427467, berr1:36.19135284423828, berr2:36.62544631958008
 430/2000,EPReward: 0.95
Episode 431/2000, Reward: 4.38, ploss: 4.262396335601807, aloss:-0.030165987089276314, berr1:40.97160720825195, berr2:40.64039611816406
 431/2000,EPReward: 4.38
Episode 432/2000, Reward: 1.86, ploss: 3.2441201210021973, aloss:-0.028747135773301125, berr1:40.23047637939453, berr2:39.38423156738281
 432/2000,EPReward: 1.86
Episode 433/2000, Reward: -20.50, ploss: 3.577629566192627, aloss:-0.029420357197523117, berr1:45.61767578125, berr2:44.97316360473633
 433/2000,EPReward: -20.50
Episode 434/2000, Reward: 4.06, ploss: 4.094012260437012, aloss:-0.02876025252044201, berr1:40.73754119873047, berr2:40.29093933105469
 434/2000,EPReward: 4.06
Episode 435/2000, Reward: 3.18, ploss: 2.9232802391052246, aloss:-0.03068166971206665, berr1:42.97726821899414, berr2:42.99317169189453
 435/2000,EPReward: 3.18
Episode 436/2000, Reward: -0.31, ploss: 4.475706577301025, aloss:-0.03477294370532036, berr1:49.1568717956543, berr2:48.76830291748047
 436/2000,EPReward: -0.31
Episode 437/2000, Reward: 6.84, ploss: 3.350548267364502, aloss:-0.03292977437376976, berr1:47.21586990356445, berr2:45.981773376464844
 437/2000,EPReward: 6.84
Episode 438/2000, Reward: -0.16, ploss: 2.5679569244384766, aloss:-0.03499292954802513, berr1:43.413970947265625, berr2:43.687278747558594
 438/2000,EPReward: -0.16
Episode 439/2000, Reward: -20.50, ploss: 1.8520342111587524, aloss:-0.03622619807720184, berr1:33.50029373168945, berr2:33.22262191772461
 439/2000,EPReward: -20.50
Episode 440/2000, Reward: 2.77, ploss: 1.9340639114379883, aloss:-0.03313826769590378, berr1:43.889488220214844, berr2:43.85688400268555
 440/2000,EPReward: 2.77
Episode 441/2000, Reward: 4.71, ploss: 2.473905086517334, aloss:-0.03650660067796707, berr1:41.06854248046875, berr2:40.73688507080078
 441/2000,EPReward: 4.71
Episode 442/2000, Reward: -20.50, ploss: 1.6364622116088867, aloss:-0.033714935183525085, berr1:41.81538391113281, berr2:43.0127067565918
 442/2000,EPReward: -20.50
Episode 443/2000, Reward: -0.69, ploss: 2.7657816410064697, aloss:-0.035993076860904694, berr1:42.03205871582031, berr2:43.38554763793945
 443/2000,EPReward: -0.69
Episode 444/2000, Reward: -1.25, ploss: 4.23809289932251, aloss:-0.03467381000518799, berr1:42.34103775024414, berr2:42.212181091308594
 444/2000,EPReward: -1.25
Episode 445/2000, Reward: 1.10, ploss: 5.155477523803711, aloss:-0.035043053328990936, berr1:44.29240036010742, berr2:42.807796478271484
 445/2000,EPReward: 1.10
Episode 446/2000, Reward: -20.30, ploss: 4.096383094787598, aloss:-0.035145342350006104, berr1:40.949623107910156, berr2:39.70516586303711
 446/2000,EPReward: -20.30
Episode 447/2000, Reward: -1.35, ploss: 4.4721479415893555, aloss:-0.034076396375894547, berr1:43.34284973144531, berr2:42.72515106201172
 447/2000,EPReward: -1.35
Episode 448/2000, Reward: 2.03, ploss: 3.123044729232788, aloss:-0.034572090953588486, berr1:43.26042175292969, berr2:42.6050910949707
 448/2000,EPReward: 2.03
Episode 449/2000, Reward: -0.80, ploss: 3.876323699951172, aloss:-0.03278259187936783, berr1:44.94187927246094, berr2:44.31389236450195
 449/2000,EPReward: -0.80
Episode 450/2000, Reward: -0.87, ploss: 1.6551977396011353, aloss:-0.03039613738656044, berr1:34.716270446777344, berr2:34.408058166503906
 450/2000,EPReward: -0.87
Episode 451/2000, Reward: -1.21, ploss: 1.8763577938079834, aloss:-0.02810468152165413, berr1:36.63548278808594, berr2:36.33692932128906
 451/2000,EPReward: -1.21
Episode 452/2000, Reward: 1.60, ploss: 3.2336134910583496, aloss:-0.0256608035415411, berr1:44.626609802246094, berr2:43.14340591430664
 452/2000,EPReward: 1.60
Episode 453/2000, Reward: -20.30, ploss: 2.2917892932891846, aloss:-0.02438572607934475, berr1:39.80276107788086, berr2:39.167198181152344
 453/2000,EPReward: -20.30
Episode 454/2000, Reward: -20.30, ploss: 4.059370517730713, aloss:-0.019056005403399467, berr1:47.055843353271484, berr2:46.29228591918945
 454/2000,EPReward: -20.30
Episode 455/2000, Reward: -0.52, ploss: 2.574352264404297, aloss:-0.01685403659939766, berr1:34.919254302978516, berr2:32.603431701660156
 455/2000,EPReward: -0.52
Episode 456/2000, Reward: 3.14, ploss: 3.1710426807403564, aloss:-0.014439673162996769, berr1:37.22441101074219, berr2:36.57227325439453
 456/2000,EPReward: 3.14
Episode 457/2000, Reward: 1.58, ploss: 1.576884150505066, aloss:-0.012047200463712215, berr1:32.77118682861328, berr2:33.13623046875
 457/2000,EPReward: 1.58
Episode 458/2000, Reward: 2.72, ploss: 0.4247480034828186, aloss:-0.010788829065859318, berr1:33.59014129638672, berr2:33.49717330932617
 458/2000,EPReward: 2.72
Episode 459/2000, Reward: -1.56, ploss: 3.104226589202881, aloss:-0.008782345801591873, berr1:37.497066497802734, berr2:37.033023834228516
 459/2000,EPReward: -1.56
Episode 460/2000, Reward: 1.75, ploss: 2.930661916732788, aloss:-0.006689643487334251, berr1:39.14570999145508, berr2:38.48737335205078
 460/2000,EPReward: 1.75
Episode 461/2000, Reward: -20.30, ploss: 2.7661755084991455, aloss:-0.005944651085883379, berr1:36.726463317871094, berr2:36.468746185302734
 461/2000,EPReward: -20.30
Episode 462/2000, Reward: 1.21, ploss: 2.0616700649261475, aloss:-0.0054358527995646, berr1:29.696319580078125, berr2:29.306312561035156
 462/2000,EPReward: 1.21
Episode 463/2000, Reward: -20.50, ploss: 3.1353273391723633, aloss:-0.005078054033219814, berr1:38.99277114868164, berr2:39.40461349487305
 463/2000,EPReward: -20.50
Episode 464/2000, Reward: 2.88, ploss: 1.1293144226074219, aloss:-0.004167650360614061, berr1:28.358144760131836, berr2:29.078075408935547
 464/2000,EPReward: 2.88
Episode 465/2000, Reward: 2.83, ploss: 2.863581418991089, aloss:-0.0044740648008883, berr1:37.82450485229492, berr2:37.8087272644043
 465/2000,EPReward: 2.83
Episode 466/2000, Reward: -1.63, ploss: 2.6571669578552246, aloss:-0.004616782534867525, berr1:35.840675354003906, berr2:35.92378616333008
 466/2000,EPReward: -1.63
Episode 467/2000, Reward: -1.04, ploss: 2.6204538345336914, aloss:-0.0047267829068005085, berr1:30.67998504638672, berr2:30.341083526611328
 467/2000,EPReward: -1.04
Episode 468/2000, Reward: -20.50, ploss: 3.0277979373931885, aloss:-0.004167499952018261, berr1:39.88523864746094, berr2:40.18590545654297
 468/2000,EPReward: -20.50
Episode 469/2000, Reward: -20.50, ploss: 2.440272092819214, aloss:-0.004357218276709318, berr1:40.17456817626953, berr2:40.3195915222168
 469/2000,EPReward: -20.50
Episode 470/2000, Reward: -0.15, ploss: 2.1286628246307373, aloss:-0.004222506191581488, berr1:41.74766540527344, berr2:40.72553634643555
 470/2000,EPReward: -0.15
Episode 471/2000, Reward: 0.16, ploss: 1.5132393836975098, aloss:-0.00462685851380229, berr1:35.54122543334961, berr2:35.148380279541016
 471/2000,EPReward: 0.16
Episode 472/2000, Reward: 2.23, ploss: 2.5766537189483643, aloss:-0.005149899981915951, berr1:41.9071044921875, berr2:41.358089447021484
 472/2000,EPReward: 2.23
Episode 473/2000, Reward: 0.72, ploss: 5.0137553215026855, aloss:-0.005348294973373413, berr1:44.188316345214844, berr2:44.21067810058594
 473/2000,EPReward: 0.72
Episode 474/2000, Reward: 0.45, ploss: 5.305359840393066, aloss:-0.00565137667581439, berr1:44.49394989013672, berr2:43.97779083251953
 474/2000,EPReward: 0.45
Episode 475/2000, Reward: -0.82, ploss: 4.628902912139893, aloss:-0.0061689396388828754, berr1:39.92632293701172, berr2:40.533878326416016
 475/2000,EPReward: -0.82
Episode 476/2000, Reward: 3.50, ploss: 4.682960510253906, aloss:-0.00712480628862977, berr1:43.93573760986328, berr2:42.65691375732422
 476/2000,EPReward: 3.50
Episode 477/2000, Reward: -20.50, ploss: 2.903151035308838, aloss:-0.008261704817414284, berr1:38.09419250488281, berr2:37.8754768371582
 477/2000,EPReward: -20.50
Episode 478/2000, Reward: 0.64, ploss: 2.4027469158172607, aloss:-0.008943077176809311, berr1:35.5641975402832, berr2:35.769287109375
 478/2000,EPReward: 0.64
Episode 479/2000, Reward: -20.50, ploss: 2.6966071128845215, aloss:-0.010496166534721851, berr1:47.73628234863281, berr2:46.870052337646484
 479/2000,EPReward: -20.50
Episode 480/2000, Reward: 6.91, ploss: 2.821303367614746, aloss:-0.011948731727898121, berr1:42.11969757080078, berr2:40.9434928894043
 480/2000,EPReward: 6.91
Episode 481/2000, Reward: 0.17, ploss: 2.6894795894622803, aloss:-0.013927703723311424, berr1:35.58774185180664, berr2:35.27072525024414
 481/2000,EPReward: 0.17
Episode 482/2000, Reward: 2.83, ploss: 2.072413206100464, aloss:-0.01568181812763214, berr1:31.526552200317383, berr2:31.52176856994629
 482/2000,EPReward: 2.83
Episode 483/2000, Reward: 0.07, ploss: 2.410865306854248, aloss:-0.018703695386648178, berr1:48.44011688232422, berr2:47.884464263916016
 483/2000,EPReward: 0.07
Episode 484/2000, Reward: -20.50, ploss: 3.182004451751709, aloss:-0.02212277613580227, berr1:38.49174499511719, berr2:37.77627182006836
 484/2000,EPReward: -20.50
Episode 485/2000, Reward: -1.36, ploss: 3.3262245655059814, aloss:-0.025100532919168472, berr1:39.050392150878906, berr2:38.63300323486328
 485/2000,EPReward: -1.36
Episode 486/2000, Reward: 0.98, ploss: 3.212348699569702, aloss:-0.028804799541831017, berr1:37.78260803222656, berr2:37.32304763793945
 486/2000,EPReward: 0.98
Episode 487/2000, Reward: 5.05, ploss: 3.09738826751709, aloss:-0.03273215517401695, berr1:42.218318939208984, berr2:40.99737548828125
 487/2000,EPReward: 5.05
Episode 488/2000, Reward: 3.09, ploss: 3.105990171432495, aloss:-0.037098731845617294, berr1:40.62702560424805, berr2:40.570125579833984
 488/2000,EPReward: 3.09
Episode 489/2000, Reward: -0.70, ploss: 3.326845407485962, aloss:-0.03944633528590202, berr1:40.031070709228516, berr2:40.031883239746094
 489/2000,EPReward: -0.70
Episode 490/2000, Reward: 7.01, ploss: 4.146218776702881, aloss:-0.04188757762312889, berr1:40.60395812988281, berr2:39.80043029785156
 490/2000,EPReward: 7.01
Episode 491/2000, Reward: 4.12, ploss: 3.5461878776550293, aloss:-0.046351995319128036, berr1:41.620643615722656, berr2:41.27696990966797
 491/2000,EPReward: 4.12
Episode 492/2000, Reward: 0.62, ploss: 3.9705584049224854, aloss:-0.04846924915909767, berr1:41.371829986572266, berr2:40.82168960571289
 492/2000,EPReward: 0.62
Episode 493/2000, Reward: -19.50, ploss: 4.816787242889404, aloss:-0.04779083654284477, berr1:46.3972053527832, berr2:45.12269973754883
 493/2000,EPReward: -19.50
Episode 494/2000, Reward: -0.04, ploss: 4.7339959144592285, aloss:-0.050197720527648926, berr1:42.22123718261719, berr2:41.95051574707031
 494/2000,EPReward: -0.04
Episode 495/2000, Reward: -0.86, ploss: 2.9349875450134277, aloss:-0.052220139652490616, berr1:34.40827178955078, berr2:34.587257385253906
 495/2000,EPReward: -0.86
Episode 496/2000, Reward: -1.18, ploss: 1.4538350105285645, aloss:-0.053293704986572266, berr1:35.3133430480957, berr2:34.86196517944336
 496/2000,EPReward: -1.18
Episode 497/2000, Reward: 3.41, ploss: 2.490990161895752, aloss:-0.04733486473560333, berr1:34.92770767211914, berr2:34.66761016845703
 497/2000,EPReward: 3.41
Episode 498/2000, Reward: -0.49, ploss: 0.4034375250339508, aloss:-0.04731513932347298, berr1:34.65821838378906, berr2:34.26447677612305
 498/2000,EPReward: -0.49
Episode 499/2000, Reward: 4.76, ploss: 0.613991379737854, aloss:-0.04199569299817085, berr1:38.53767013549805, berr2:38.66539764404297
 499/2000,EPReward: 4.76
Episode 500/2000, Reward: -20.50, ploss: 0.43591028451919556, aloss:-0.042300980538129807, berr1:32.74623489379883, berr2:32.878211975097656
 500/2000,EPReward: -20.50
Saved checkpoint at episode 500
Episode 501/2000, Reward: -1.64, ploss: 2.3030812740325928, aloss:-0.03382056951522827, berr1:36.32607650756836, berr2:35.74611282348633
 501/2000,EPReward: -1.64
Episode 502/2000, Reward: -20.70, ploss: 1.8882402181625366, aloss:-0.0338059663772583, berr1:33.27700424194336, berr2:32.84263610839844
 502/2000,EPReward: -20.70
Episode 503/2000, Reward: -0.67, ploss: 2.974510908126831, aloss:-0.02913662977516651, berr1:33.54166030883789, berr2:33.0566291809082
 503/2000,EPReward: -0.67
Episode 504/2000, Reward: -19.50, ploss: 4.513879776000977, aloss:-0.02696126699447632, berr1:40.09429931640625, berr2:39.78302764892578
 504/2000,EPReward: -19.50
Episode 505/2000, Reward: 5.73, ploss: 4.502188205718994, aloss:-0.026189500465989113, berr1:37.033653259277344, berr2:36.950111389160156
 505/2000,EPReward: 5.73
Episode 506/2000, Reward: -20.50, ploss: 3.8078818321228027, aloss:-0.02614077925682068, berr1:41.377079010009766, berr2:41.626617431640625
 506/2000,EPReward: -20.50
Episode 507/2000, Reward: -20.50, ploss: 2.190059185028076, aloss:-0.02711070515215397, berr1:34.092247009277344, berr2:34.65809631347656
 507/2000,EPReward: -20.50
Episode 508/2000, Reward: -20.50, ploss: -0.2935560345649719, aloss:-0.031281568109989166, berr1:28.746707916259766, berr2:28.338932037353516
 508/2000,EPReward: -20.50
Episode 509/2000, Reward: -1.06, ploss: 3.6801745891571045, aloss:-0.02688755840063095, berr1:45.591766357421875, berr2:44.679962158203125
 509/2000,EPReward: -1.06
Episode 510/2000, Reward: 2.69, ploss: 2.1294074058532715, aloss:-0.029814589768648148, berr1:41.23320770263672, berr2:42.00682067871094
 510/2000,EPReward: 2.69
Episode 511/2000, Reward: -20.70, ploss: 3.5439274311065674, aloss:-0.03207186982035637, berr1:45.05051040649414, berr2:44.91634750366211
 511/2000,EPReward: -20.70
Episode 512/2000, Reward: -20.50, ploss: 3.3956820964813232, aloss:-0.03393502160906792, berr1:39.91707229614258, berr2:40.378753662109375
 512/2000,EPReward: -20.50
Episode 513/2000, Reward: 0.53, ploss: 5.247118949890137, aloss:-0.03344440460205078, berr1:39.31382751464844, berr2:38.37968444824219
 513/2000,EPReward: 0.53
Episode 514/2000, Reward: -1.43, ploss: 5.392351150512695, aloss:-0.03598221018910408, berr1:41.61725616455078, berr2:41.65352249145508
 514/2000,EPReward: -1.43
Episode 515/2000, Reward: -19.50, ploss: 3.0705158710479736, aloss:-0.03811514377593994, berr1:35.90828323364258, berr2:35.87980651855469
 515/2000,EPReward: -19.50
Episode 516/2000, Reward: 0.71, ploss: 3.3571767807006836, aloss:-0.03753464296460152, berr1:43.38346481323242, berr2:43.26106643676758
 516/2000,EPReward: 0.71
Episode 517/2000, Reward: -20.50, ploss: 3.579216480255127, aloss:-0.0371176116168499, berr1:43.628475189208984, berr2:43.261898040771484
 517/2000,EPReward: -20.50
Episode 518/2000, Reward: 1.55, ploss: 1.6625193357467651, aloss:-0.034919373691082, berr1:36.02595901489258, berr2:35.81041717529297
 518/2000,EPReward: 1.55
Episode 519/2000, Reward: -1.36, ploss: 2.9190540313720703, aloss:-0.033805809915065765, berr1:32.64907455444336, berr2:32.734947204589844
 519/2000,EPReward: -1.36
Episode 520/2000, Reward: -19.50, ploss: 2.1652278900146484, aloss:-0.030781686305999756, berr1:35.47430419921875, berr2:35.059837341308594
 520/2000,EPReward: -19.50
Episode 521/2000, Reward: -20.50, ploss: 3.181060552597046, aloss:-0.027316687628626823, berr1:45.44056701660156, berr2:44.544219970703125
 521/2000,EPReward: -20.50
Episode 522/2000, Reward: 5.67, ploss: 2.1794588565826416, aloss:-0.025872480124235153, berr1:44.08050537109375, berr2:44.12196731567383
 522/2000,EPReward: 5.67
Episode 523/2000, Reward: -20.50, ploss: 3.735283613204956, aloss:-0.023754192516207695, berr1:39.47532653808594, berr2:40.174896240234375
 523/2000,EPReward: -20.50
Episode 524/2000, Reward: -0.40, ploss: 5.0457377433776855, aloss:-0.0230924803763628, berr1:40.15996170043945, berr2:39.209346771240234
 524/2000,EPReward: -0.40
Episode 525/2000, Reward: 1.88, ploss: 4.71725606918335, aloss:-0.024696962907910347, berr1:40.728355407714844, berr2:40.20024108886719
 525/2000,EPReward: 1.88
Episode 526/2000, Reward: -20.50, ploss: 5.629462242126465, aloss:-0.02863088995218277, berr1:43.7143669128418, berr2:43.27252960205078
 526/2000,EPReward: -20.50
Episode 527/2000, Reward: -1.64, ploss: 4.8038105964660645, aloss:-0.037036385387182236, berr1:42.21382522583008, berr2:41.926231384277344
 527/2000,EPReward: -1.64
Episode 528/2000, Reward: 3.64, ploss: 3.3987584114074707, aloss:-0.04143540561199188, berr1:41.8062629699707, berr2:41.129638671875
 528/2000,EPReward: 3.64
Episode 529/2000, Reward: -0.71, ploss: 1.940175175666809, aloss:-0.049699150025844574, berr1:31.8153133392334, berr2:32.09016418457031
 529/2000,EPReward: -0.71
Episode 530/2000, Reward: -1.42, ploss: 1.5541038513183594, aloss:-0.054863091558218, berr1:44.958221435546875, berr2:43.2370491027832
 530/2000,EPReward: -1.42
Episode 531/2000, Reward: -0.55, ploss: 3.180927038192749, aloss:-0.059518057852983475, berr1:37.20388412475586, berr2:36.72768020629883
 531/2000,EPReward: -0.55
Episode 532/2000, Reward: -0.35, ploss: 3.203591823577881, aloss:-0.06140238419175148, berr1:41.51194763183594, berr2:41.665470123291016
 532/2000,EPReward: -0.35
Episode 533/2000, Reward: -1.28, ploss: 3.826122522354126, aloss:-0.06298878788948059, berr1:36.468021392822266, berr2:35.78068542480469
 533/2000,EPReward: -1.28
Episode 534/2000, Reward: -1.79, ploss: 5.829733371734619, aloss:-0.06259001791477203, berr1:41.56626892089844, berr2:41.680885314941406
 534/2000,EPReward: -1.79
Episode 535/2000, Reward: -20.50, ploss: 4.78425931930542, aloss:-0.0641176775097847, berr1:39.17123794555664, berr2:39.02922058105469
 535/2000,EPReward: -20.50
Episode 536/2000, Reward: 1.46, ploss: 4.629119873046875, aloss:-0.06455852836370468, berr1:39.46507263183594, berr2:39.74094009399414
 536/2000,EPReward: 1.46
Episode 537/2000, Reward: -1.13, ploss: 4.155962944030762, aloss:-0.06670992821455002, berr1:41.399375915527344, berr2:41.28009796142578
 537/2000,EPReward: -1.13
Episode 538/2000, Reward: 9.57, ploss: 5.0285749435424805, aloss:-0.06670478731393814, berr1:41.181434631347656, berr2:41.7286491394043
 538/2000,EPReward: 9.57
Episode 539/2000, Reward: -1.44, ploss: 3.19433331489563, aloss:-0.06804545223712921, berr1:38.79180145263672, berr2:38.30836486816406
 539/2000,EPReward: -1.44
Episode 540/2000, Reward: 0.27, ploss: 2.5328874588012695, aloss:-0.06942738592624664, berr1:34.04195785522461, berr2:34.291656494140625
 540/2000,EPReward: 0.27
Episode 541/2000, Reward: -20.50, ploss: 3.764988660812378, aloss:-0.06878702342510223, berr1:33.92761993408203, berr2:32.843055725097656
 541/2000,EPReward: -20.50
Episode 542/2000, Reward: -1.18, ploss: 2.823760747909546, aloss:-0.06944743543863297, berr1:32.514923095703125, berr2:32.23188781738281
 542/2000,EPReward: -1.18
Episode 543/2000, Reward: -1.68, ploss: 2.8185832500457764, aloss:-0.06985409557819366, berr1:36.24641036987305, berr2:36.549808502197266
 543/2000,EPReward: -1.68
Episode 544/2000, Reward: 0.94, ploss: 4.100030899047852, aloss:-0.06922830641269684, berr1:41.022422790527344, berr2:40.66419982910156
 544/2000,EPReward: 0.94
Episode 545/2000, Reward: 1.27, ploss: 3.33018159866333, aloss:-0.068369559943676, berr1:42.60695266723633, berr2:41.82522964477539
 545/2000,EPReward: 1.27
Episode 546/2000, Reward: 0.35, ploss: 3.729649066925049, aloss:-0.06828940659761429, berr1:39.492393493652344, berr2:39.554954528808594
 546/2000,EPReward: 0.35
Episode 547/2000, Reward: 7.72, ploss: 6.2255120277404785, aloss:-0.0644402951002121, berr1:42.466190338134766, berr2:41.7479248046875
 547/2000,EPReward: 7.72
Episode 548/2000, Reward: 0.37, ploss: 6.726997375488281, aloss:-0.06293748319149017, berr1:45.42969512939453, berr2:45.27052307128906
 548/2000,EPReward: 0.37
Episode 549/2000, Reward: 6.69, ploss: 4.276012897491455, aloss:-0.06376951187849045, berr1:39.566680908203125, berr2:39.600318908691406
 549/2000,EPReward: 6.69
Episode 550/2000, Reward: 0.71, ploss: 3.645876407623291, aloss:-0.06500093638896942, berr1:35.89347839355469, berr2:35.589927673339844
 550/2000,EPReward: 0.71
Episode 551/2000, Reward: 0.43, ploss: 2.0966672897338867, aloss:-0.06318410485982895, berr1:44.60868453979492, berr2:44.73579406738281
 551/2000,EPReward: 0.43
Episode 552/2000, Reward: -0.47, ploss: 1.7929415702819824, aloss:-0.061583392322063446, berr1:42.704833984375, berr2:42.19203567504883
 552/2000,EPReward: -0.47
Episode 553/2000, Reward: -20.50, ploss: 3.2186126708984375, aloss:-0.057815439999103546, berr1:49.99055099487305, berr2:49.72120666503906
 553/2000,EPReward: -20.50
Episode 554/2000, Reward: -1.23, ploss: 2.3493947982788086, aloss:-0.057953327894210815, berr1:39.22053146362305, berr2:39.08415603637695
 554/2000,EPReward: -1.23
Episode 555/2000, Reward: -1.35, ploss: 4.558078289031982, aloss:-0.054575830698013306, berr1:35.375389099121094, berr2:35.10520553588867
 555/2000,EPReward: -1.35
Episode 556/2000, Reward: 6.55, ploss: 4.344415664672852, aloss:-0.050743184983730316, berr1:42.4769287109375, berr2:42.37080383300781
 556/2000,EPReward: 6.55
Episode 557/2000, Reward: -20.50, ploss: 5.349722385406494, aloss:-0.048346079885959625, berr1:37.015541076660156, berr2:37.32316589355469
 557/2000,EPReward: -20.50
Episode 558/2000, Reward: 2.67, ploss: 3.944972276687622, aloss:-0.047247450798749924, berr1:38.535491943359375, berr2:37.93907928466797
 558/2000,EPReward: 2.67
Episode 559/2000, Reward: 0.80, ploss: 1.053424596786499, aloss:-0.047789789736270905, berr1:32.79420471191406, berr2:32.9595832824707
 559/2000,EPReward: 0.80
Episode 560/2000, Reward: 5.72, ploss: 1.7462471723556519, aloss:-0.04562041908502579, berr1:37.081295013427734, berr2:36.68033981323242
 560/2000,EPReward: 5.72
Episode 561/2000, Reward: -20.50, ploss: 1.194129467010498, aloss:-0.04464654624462128, berr1:39.754730224609375, berr2:39.449180603027344
 561/2000,EPReward: -20.50
Episode 562/2000, Reward: -20.50, ploss: 1.580949306488037, aloss:-0.04236225038766861, berr1:42.18699264526367, berr2:42.626548767089844
 562/2000,EPReward: -20.50
Episode 563/2000, Reward: 4.45, ploss: 4.000926971435547, aloss:-0.03973846137523651, berr1:38.02494430541992, berr2:38.110599517822266
 563/2000,EPReward: 4.45
Episode 564/2000, Reward: -20.50, ploss: 4.146508693695068, aloss:-0.0389198362827301, berr1:37.26243209838867, berr2:37.95697021484375
 564/2000,EPReward: -20.50
Episode 565/2000, Reward: -20.50, ploss: 4.705154895782471, aloss:-0.0393378883600235, berr1:39.105613708496094, berr2:39.206417083740234
 565/2000,EPReward: -20.50
Episode 566/2000, Reward: -0.42, ploss: 6.796388626098633, aloss:-0.038243524730205536, berr1:46.267555236816406, berr2:47.25724411010742
 566/2000,EPReward: -0.42
Episode 567/2000, Reward: -20.50, ploss: 6.33809232711792, aloss:-0.039411552250385284, berr1:36.912715911865234, berr2:37.05149459838867
 567/2000,EPReward: -20.50
Episode 568/2000, Reward: -20.50, ploss: 4.641327857971191, aloss:-0.042013853788375854, berr1:40.873512268066406, berr2:42.24612808227539
 568/2000,EPReward: -20.50
Episode 569/2000, Reward: -0.01, ploss: 3.249516487121582, aloss:-0.04319704696536064, berr1:40.09691619873047, berr2:41.58293151855469
 569/2000,EPReward: -0.01
Episode 570/2000, Reward: -20.50, ploss: 4.258593559265137, aloss:-0.0419023334980011, berr1:46.41867446899414, berr2:45.197662353515625
 570/2000,EPReward: -20.50
Episode 571/2000, Reward: -1.98, ploss: 3.6442337036132812, aloss:-0.04366396367549896, berr1:38.496490478515625, berr2:38.41530990600586
 571/2000,EPReward: -1.98
Episode 572/2000, Reward: -0.49, ploss: 2.2771503925323486, aloss:-0.04216141626238823, berr1:37.08911895751953, berr2:37.75996398925781
 572/2000,EPReward: -0.49
Episode 573/2000, Reward: 2.57, ploss: 1.3593617677688599, aloss:-0.039793092757463455, berr1:35.014305114746094, berr2:36.533653259277344
 573/2000,EPReward: 2.57
Episode 574/2000, Reward: -20.50, ploss: 2.210339069366455, aloss:-0.0388614796102047, berr1:34.73689270019531, berr2:35.818641662597656
 574/2000,EPReward: -20.50
Episode 575/2000, Reward: 3.47, ploss: 2.29398250579834, aloss:-0.03876107931137085, berr1:37.254573822021484, berr2:37.8897590637207
 575/2000,EPReward: 3.47
Episode 576/2000, Reward: -1.40, ploss: 4.492630481719971, aloss:-0.040897056460380554, berr1:47.344608306884766, berr2:47.83618927001953
 576/2000,EPReward: -1.40
Episode 577/2000, Reward: 7.29, ploss: 4.5747151374816895, aloss:-0.04835277423262596, berr1:43.2514762878418, berr2:41.974334716796875
 577/2000,EPReward: 7.29
Episode 578/2000, Reward: -0.72, ploss: 4.669109344482422, aloss:-0.056953758001327515, berr1:41.831878662109375, berr2:41.59123229980469
 578/2000,EPReward: -0.72
Episode 579/2000, Reward: -20.50, ploss: 6.93537712097168, aloss:-0.06474697589874268, berr1:44.80890655517578, berr2:44.867156982421875
 579/2000,EPReward: -20.50
Episode 580/2000, Reward: -0.65, ploss: 5.774051666259766, aloss:-0.07697996497154236, berr1:48.4579963684082, berr2:48.75935745239258
 580/2000,EPReward: -0.65
Episode 581/2000, Reward: 0.87, ploss: 5.966513633728027, aloss:-0.09083576500415802, berr1:40.21934509277344, berr2:41.86240005493164
 581/2000,EPReward: 0.87
Episode 582/2000, Reward: 4.09, ploss: 4.497982501983643, aloss:-0.10329776257276535, berr1:46.83149719238281, berr2:46.064918518066406
 582/2000,EPReward: 4.09
Episode 583/2000, Reward: -20.50, ploss: 2.688462495803833, aloss:-0.11697399616241455, berr1:37.932647705078125, berr2:37.54844665527344
 583/2000,EPReward: -20.50
Episode 584/2000, Reward: -1.44, ploss: 3.931642770767212, aloss:-0.1257765144109726, berr1:38.614830017089844, berr2:38.75791931152344
 584/2000,EPReward: -1.44
Episode 585/2000, Reward: -1.35, ploss: 2.7201619148254395, aloss:-0.13797926902770996, berr1:39.52121353149414, berr2:39.830902099609375
 585/2000,EPReward: -1.35
Episode 586/2000, Reward: 1.50, ploss: 4.187270641326904, aloss:-0.14371047914028168, berr1:42.09312438964844, berr2:41.98905563354492
 586/2000,EPReward: 1.50
Episode 587/2000, Reward: -20.50, ploss: 4.46419620513916, aloss:-0.1499117612838745, berr1:41.437068939208984, berr2:41.59379196166992
 587/2000,EPReward: -20.50
Episode 588/2000, Reward: 8.47, ploss: 3.400151252746582, aloss:-0.15341034531593323, berr1:31.653310775756836, berr2:31.624143600463867
 588/2000,EPReward: 8.47
Episode 589/2000, Reward: 1.89, ploss: 4.179275989532471, aloss:-0.15402550995349884, berr1:40.00445556640625, berr2:39.70026397705078
 589/2000,EPReward: 1.89
Episode 590/2000, Reward: -1.30, ploss: 3.2551352977752686, aloss:-0.15079134702682495, berr1:38.746726989746094, berr2:38.675655364990234
 590/2000,EPReward: -1.30
Episode 591/2000, Reward: -1.70, ploss: 3.135105609893799, aloss:-0.14570941030979156, berr1:29.578414916992188, berr2:29.931245803833008
 591/2000,EPReward: -1.70
Episode 592/2000, Reward: -20.50, ploss: 5.271395683288574, aloss:-0.12731413543224335, berr1:47.16465759277344, berr2:47.43891525268555
 592/2000,EPReward: -20.50
Episode 593/2000, Reward: 0.77, ploss: 5.613692283630371, aloss:-0.12146396934986115, berr1:48.319950103759766, berr2:48.49383544921875
 593/2000,EPReward: 0.77
Episode 594/2000, Reward: -1.08, ploss: 4.146051406860352, aloss:-0.11672239750623703, berr1:40.23200225830078, berr2:39.150787353515625
 594/2000,EPReward: -1.08
Episode 595/2000, Reward: -1.51, ploss: 5.473952770233154, aloss:-0.10248411446809769, berr1:45.0214729309082, berr2:45.269752502441406
 595/2000,EPReward: -1.51
Episode 596/2000, Reward: 4.47, ploss: 4.374074935913086, aloss:-0.09219831228256226, berr1:45.729469299316406, berr2:44.825965881347656
 596/2000,EPReward: 4.47
Episode 597/2000, Reward: -19.50, ploss: 3.864928960800171, aloss:-0.08748392760753632, berr1:38.686195373535156, berr2:39.41062545776367
 597/2000,EPReward: -19.50
Episode 598/2000, Reward: -20.50, ploss: 3.8296406269073486, aloss:-0.07351253181695938, berr1:37.09531021118164, berr2:36.99019241333008
 598/2000,EPReward: -20.50
Episode 599/2000, Reward: 8.84, ploss: 3.493803024291992, aloss:-0.07080945372581482, berr1:40.68535614013672, berr2:40.143001556396484
 599/2000,EPReward: 8.84
Episode 600/2000, Reward: 3.98, ploss: 3.9832816123962402, aloss:-0.059908390045166016, berr1:39.121463775634766, berr2:38.82331848144531
 600/2000,EPReward: 3.98
Saved checkpoint at episode 600
Episode 601/2000, Reward: 2.29, ploss: 1.1953895092010498, aloss:-0.05406578630208969, berr1:37.32097244262695, berr2:37.470306396484375
 601/2000,EPReward: 2.29
Episode 602/2000, Reward: -1.52, ploss: 5.278491020202637, aloss:-0.052187077701091766, berr1:44.76831817626953, berr2:45.462181091308594
 602/2000,EPReward: -1.52
Episode 603/2000, Reward: 0.17, ploss: 5.086418628692627, aloss:-0.046934280544519424, berr1:35.98442459106445, berr2:36.11869430541992
 603/2000,EPReward: 0.17
Episode 604/2000, Reward: 2.79, ploss: 6.515964984893799, aloss:-0.04450884833931923, berr1:46.1633186340332, berr2:45.683204650878906
 604/2000,EPReward: 2.79
Episode 605/2000, Reward: 2.57, ploss: 5.0521697998046875, aloss:-0.043382689356803894, berr1:40.65937042236328, berr2:39.65779113769531
 605/2000,EPReward: 2.57
Episode 606/2000, Reward: 0.00, ploss: 3.626546859741211, aloss:-0.043306294828653336, berr1:34.588314056396484, berr2:35.649539947509766
 606/2000,EPReward: 0.00
Episode 607/2000, Reward: 0.60, ploss: 2.6908161640167236, aloss:-0.049721550196409225, berr1:43.540706634521484, berr2:44.00128173828125
 607/2000,EPReward: 0.60
Episode 608/2000, Reward: 1.28, ploss: 3.128495693206787, aloss:-0.05640339478850365, berr1:37.517433166503906, berr2:38.12076950073242
 608/2000,EPReward: 1.28
Episode 609/2000, Reward: -0.61, ploss: 4.189135551452637, aloss:-0.06417839229106903, berr1:43.22119903564453, berr2:42.21335220336914
 609/2000,EPReward: -0.61
Episode 610/2000, Reward: -1.43, ploss: 3.9430527687072754, aloss:-0.07241769134998322, berr1:46.58577346801758, berr2:46.08924865722656
 610/2000,EPReward: -1.43
Episode 611/2000, Reward: -1.29, ploss: 2.0440824031829834, aloss:-0.08388181775808334, berr1:42.2668571472168, berr2:41.716915130615234
 611/2000,EPReward: -1.29
Episode 612/2000, Reward: -19.50, ploss: 3.378140449523926, aloss:-0.09422723203897476, berr1:41.943973541259766, berr2:42.47081756591797
 612/2000,EPReward: -19.50
Episode 613/2000, Reward: -1.70, ploss: 5.054984092712402, aloss:-0.10286703705787659, berr1:42.50444030761719, berr2:43.69233322143555
 613/2000,EPReward: -1.70
Episode 614/2000, Reward: -19.50, ploss: 6.1671462059021, aloss:-0.10813701152801514, berr1:38.806549072265625, berr2:38.61079406738281
 614/2000,EPReward: -19.50
Episode 615/2000, Reward: -1.13, ploss: 8.35779857635498, aloss:-0.11377636343240738, berr1:45.17600631713867, berr2:45.4770393371582
 615/2000,EPReward: -1.13
Episode 616/2000, Reward: 0.24, ploss: 7.0252275466918945, aloss:-0.12337499856948853, berr1:40.94173812866211, berr2:40.20105743408203
 616/2000,EPReward: 0.24
Episode 617/2000, Reward: 0.84, ploss: 6.082334995269775, aloss:-0.1282949447631836, berr1:43.80054473876953, berr2:43.897987365722656
 617/2000,EPReward: 0.84
Episode 618/2000, Reward: -1.37, ploss: 5.4509406089782715, aloss:-0.12573237717151642, berr1:44.76020431518555, berr2:45.60714340209961
 618/2000,EPReward: -1.37
Episode 619/2000, Reward: -0.87, ploss: 4.647516250610352, aloss:-0.11571178585290909, berr1:41.563873291015625, berr2:41.37274169921875
 619/2000,EPReward: -0.87
Episode 620/2000, Reward: -20.50, ploss: 4.602342128753662, aloss:-0.09993945062160492, berr1:43.56252670288086, berr2:42.909912109375
 620/2000,EPReward: -20.50
Episode 621/2000, Reward: -20.50, ploss: 1.8521403074264526, aloss:-0.08610609173774719, berr1:33.97735595703125, berr2:33.92805862426758
 621/2000,EPReward: -20.50
Episode 622/2000, Reward: -0.64, ploss: 3.5067737102508545, aloss:-0.07287277281284332, berr1:40.608863830566406, berr2:40.6451301574707
 622/2000,EPReward: -0.64
Episode 623/2000, Reward: 2.36, ploss: 2.2863142490386963, aloss:-0.058786265552043915, berr1:36.662872314453125, berr2:36.81247329711914
 623/2000,EPReward: 2.36
Episode 624/2000, Reward: 0.53, ploss: 6.683471202850342, aloss:-0.054620593786239624, berr1:47.536094665527344, berr2:48.769126892089844
 624/2000,EPReward: 0.53
Episode 625/2000, Reward: 1.09, ploss: 5.24117374420166, aloss:-0.05196432024240494, berr1:46.492958068847656, berr2:47.34130859375
 625/2000,EPReward: 1.09
Episode 626/2000, Reward: -0.53, ploss: 5.0368194580078125, aloss:-0.04861633852124214, berr1:39.25096130371094, berr2:37.80710983276367
 626/2000,EPReward: -0.53
Episode 627/2000, Reward: 2.12, ploss: 7.649540424346924, aloss:-0.05276022106409073, berr1:48.261207580566406, berr2:47.783023834228516
 627/2000,EPReward: 2.12
Episode 628/2000, Reward: -1.10, ploss: 6.606358528137207, aloss:-0.05113239213824272, berr1:48.041873931884766, berr2:47.467811584472656
 628/2000,EPReward: -1.10
Episode 629/2000, Reward: -20.50, ploss: 5.982240676879883, aloss:-0.05246129631996155, berr1:32.838157653808594, berr2:34.07341766357422
 629/2000,EPReward: -20.50
Episode 630/2000, Reward: -2.21, ploss: 3.6498570442199707, aloss:-0.05804719403386116, berr1:33.08356475830078, berr2:33.70635986328125
 630/2000,EPReward: -2.21
Episode 631/2000, Reward: -20.50, ploss: 3.2612829208374023, aloss:-0.06271211802959442, berr1:48.1793098449707, berr2:46.75501251220703
 631/2000,EPReward: -20.50
Episode 632/2000, Reward: -1.30, ploss: 4.051637172698975, aloss:-0.06522663682699203, berr1:40.271060943603516, berr2:39.9844856262207
 632/2000,EPReward: -1.30
Episode 633/2000, Reward: 2.19, ploss: 3.2531604766845703, aloss:-0.0753253623843193, berr1:44.86385726928711, berr2:45.29265213012695
 633/2000,EPReward: 2.19
Episode 634/2000, Reward: -1.57, ploss: 6.022284507751465, aloss:-0.0791320875287056, berr1:45.28944396972656, berr2:45.73634338378906
 634/2000,EPReward: -1.57
Episode 635/2000, Reward: 0.62, ploss: 3.752434730529785, aloss:-0.08054664731025696, berr1:33.726715087890625, berr2:32.467594146728516
 635/2000,EPReward: 0.62
Episode 636/2000, Reward: -20.50, ploss: 3.759735345840454, aloss:-0.09038284420967102, berr1:40.788909912109375, berr2:41.54531478881836
 636/2000,EPReward: -20.50
Episode 637/2000, Reward: 0.29, ploss: 3.9085288047790527, aloss:-0.08444470912218094, berr1:37.97831344604492, berr2:37.46141052246094
 637/2000,EPReward: 0.29
Episode 638/2000, Reward: -0.24, ploss: 4.825747966766357, aloss:-0.08552195876836777, berr1:47.51494598388672, berr2:46.950469970703125
 638/2000,EPReward: -0.24
Episode 639/2000, Reward: 1.11, ploss: 4.341507434844971, aloss:-0.08786875009536743, berr1:37.67451858520508, berr2:38.12590789794922
 639/2000,EPReward: 1.11
Episode 640/2000, Reward: -1.11, ploss: 6.426361083984375, aloss:-0.089235320687294, berr1:49.20207214355469, berr2:47.32484436035156
 640/2000,EPReward: -1.11
Episode 641/2000, Reward: -20.50, ploss: 6.341274738311768, aloss:-0.09101910889148712, berr1:39.75459289550781, berr2:39.66230392456055
 641/2000,EPReward: -20.50
Episode 642/2000, Reward: -1.18, ploss: 2.0865468978881836, aloss:-0.09317225962877274, berr1:34.542083740234375, berr2:34.29390335083008
 642/2000,EPReward: -1.18
Episode 643/2000, Reward: -1.35, ploss: 1.8581253290176392, aloss:-0.10066729038953781, berr1:35.72527313232422, berr2:35.83458709716797
 643/2000,EPReward: -1.35
Episode 644/2000, Reward: 0.00, ploss: 4.520722389221191, aloss:-0.09973874688148499, berr1:41.68745803833008, berr2:41.01203918457031
 644/2000,EPReward: 0.00
Episode 645/2000, Reward: 0.96, ploss: 3.6670479774475098, aloss:-0.10143128782510757, berr1:42.540687561035156, berr2:42.184425354003906
 645/2000,EPReward: 0.96
Episode 646/2000, Reward: -1.31, ploss: 5.196621894836426, aloss:-0.1090368777513504, berr1:39.98861312866211, berr2:39.73259735107422
 646/2000,EPReward: -1.31
Episode 647/2000, Reward: -19.50, ploss: 4.14109992980957, aloss:-0.10939745604991913, berr1:36.1772575378418, berr2:35.75774002075195
 647/2000,EPReward: -19.50
Episode 648/2000, Reward: -19.50, ploss: 4.881807804107666, aloss:-0.11131767928600311, berr1:40.45546340942383, berr2:40.112274169921875
 648/2000,EPReward: -19.50
Episode 649/2000, Reward: -20.50, ploss: 4.227883338928223, aloss:-0.11667586117982864, berr1:30.427005767822266, berr2:31.291851043701172
 649/2000,EPReward: -20.50
Episode 650/2000, Reward: -20.50, ploss: 3.0347511768341064, aloss:-0.11910558491945267, berr1:37.03788757324219, berr2:38.000423431396484
 650/2000,EPReward: -20.50
Episode 651/2000, Reward: -0.80, ploss: 3.082929849624634, aloss:-0.12126453220844269, berr1:46.65531921386719, berr2:45.77141189575195
 651/2000,EPReward: -0.80
Episode 652/2000, Reward: -20.50, ploss: 3.0306129455566406, aloss:-0.12276597321033478, berr1:34.12965393066406, berr2:33.31156921386719
 652/2000,EPReward: -20.50
Episode 653/2000, Reward: -1.29, ploss: 3.55165696144104, aloss:-0.12234769761562347, berr1:37.75471878051758, berr2:37.52981948852539
 653/2000,EPReward: -1.29
Episode 654/2000, Reward: -0.52, ploss: 1.0637284517288208, aloss:-0.12667319178581238, berr1:31.908113479614258, berr2:32.09297180175781
 654/2000,EPReward: -0.52
Episode 655/2000, Reward: -1.41, ploss: 3.898188829421997, aloss:-0.13169749081134796, berr1:40.94343185424805, berr2:40.806251525878906
 655/2000,EPReward: -1.41
Episode 656/2000, Reward: -20.50, ploss: 4.131710052490234, aloss:-0.14789341390132904, berr1:40.10906219482422, berr2:39.44987487792969
 656/2000,EPReward: -20.50
Episode 657/2000, Reward: -1.40, ploss: 4.290097713470459, aloss:-0.16686242818832397, berr1:37.31892395019531, berr2:36.75082015991211
 657/2000,EPReward: -1.40
Episode 658/2000, Reward: 6.38, ploss: 6.265794277191162, aloss:-0.18236906826496124, berr1:41.7468147277832, berr2:41.54616165161133
 658/2000,EPReward: 6.38
Episode 659/2000, Reward: 4.02, ploss: 3.14507794380188, aloss:-0.19841913878917694, berr1:32.53852462768555, berr2:32.90241622924805
 659/2000,EPReward: 4.02
Episode 660/2000, Reward: 3.33, ploss: 5.8770060539245605, aloss:-0.19922813773155212, berr1:39.495635986328125, berr2:40.43910217285156
 660/2000,EPReward: 3.33
Episode 661/2000, Reward: -20.50, ploss: 3.9093241691589355, aloss:-0.19009417295455933, berr1:36.30908966064453, berr2:36.1951904296875
 661/2000,EPReward: -20.50
Episode 662/2000, Reward: -0.24, ploss: 2.884023427963257, aloss:-0.1671130508184433, berr1:36.93780517578125, berr2:37.1502685546875
 662/2000,EPReward: -0.24
Episode 663/2000, Reward: -1.80, ploss: 2.869330406188965, aloss:-0.15010441839694977, berr1:37.90150451660156, berr2:37.93477249145508
 663/2000,EPReward: -1.80
Episode 664/2000, Reward: -0.11, ploss: 3.2657103538513184, aloss:-0.13542304933071136, berr1:45.68699264526367, berr2:47.258792877197266
 664/2000,EPReward: -0.11
Episode 665/2000, Reward: -20.50, ploss: 4.304267883300781, aloss:-0.14098674058914185, berr1:35.47245788574219, berr2:35.6016731262207
 665/2000,EPReward: -20.50
Episode 666/2000, Reward: -19.50, ploss: 4.555318355560303, aloss:-0.16258171200752258, berr1:45.111820220947266, berr2:45.25234603881836
 666/2000,EPReward: -19.50
Episode 667/2000, Reward: -20.50, ploss: 6.091701984405518, aloss:-0.1939932107925415, berr1:41.8717041015625, berr2:41.9697151184082
 667/2000,EPReward: -20.50
Episode 668/2000, Reward: 0.84, ploss: 4.485907554626465, aloss:-0.22179406881332397, berr1:33.887603759765625, berr2:34.20984649658203
 668/2000,EPReward: 0.84
Episode 669/2000, Reward: 2.12, ploss: 4.795787334442139, aloss:-0.22248324751853943, berr1:40.38516616821289, berr2:41.21736526489258
 669/2000,EPReward: 2.12
Episode 670/2000, Reward: -1.33, ploss: 3.438809633255005, aloss:-0.19223643839359283, berr1:37.66462707519531, berr2:37.228153228759766
 670/2000,EPReward: -1.33
Episode 671/2000, Reward: 1.34, ploss: 4.210039138793945, aloss:-0.16864700615406036, berr1:44.63157653808594, berr2:44.18096923828125
 671/2000,EPReward: 1.34
Episode 672/2000, Reward: -0.50, ploss: 2.2395730018615723, aloss:-0.140053853392601, berr1:33.69984817504883, berr2:33.54169845581055
 672/2000,EPReward: -0.50
Episode 673/2000, Reward: -1.45, ploss: 1.818479061126709, aloss:-0.13495542109012604, berr1:40.92898178100586, berr2:40.94215393066406
 673/2000,EPReward: -1.45
Episode 674/2000, Reward: -20.50, ploss: 6.845123291015625, aloss:-0.1843121498823166, berr1:45.127220153808594, berr2:45.36536407470703
 674/2000,EPReward: -20.50
Episode 675/2000, Reward: -20.50, ploss: 5.0390214920043945, aloss:-0.19389501214027405, berr1:39.73868942260742, berr2:39.604217529296875
 675/2000,EPReward: -20.50
Episode 676/2000, Reward: -0.29, ploss: 4.3970441818237305, aloss:-0.23234504461288452, berr1:36.98860549926758, berr2:37.2435188293457
 676/2000,EPReward: -0.29
Episode 677/2000, Reward: -0.55, ploss: 5.708308696746826, aloss:-0.25868427753448486, berr1:40.94123458862305, berr2:40.93734359741211
 677/2000,EPReward: -0.55
Episode 678/2000, Reward: 0.75, ploss: 4.570297718048096, aloss:-0.24646802246570587, berr1:40.784271240234375, berr2:41.056182861328125
 678/2000,EPReward: 0.75
Episode 679/2000, Reward: -0.93, ploss: 3.2427897453308105, aloss:-0.2093713879585266, berr1:35.24958038330078, berr2:36.40586471557617
 679/2000,EPReward: -0.93
Episode 680/2000, Reward: 6.37, ploss: 3.1639528274536133, aloss:-0.18661552667617798, berr1:41.830963134765625, berr2:40.671630859375
 680/2000,EPReward: 6.37
Episode 681/2000, Reward: -20.50, ploss: 1.7168362140655518, aloss:-0.16425001621246338, berr1:42.721214294433594, berr2:41.18751525878906
 681/2000,EPReward: -20.50
Episode 682/2000, Reward: 2.43, ploss: 4.55251407623291, aloss:-0.16830195486545563, berr1:40.51914978027344, berr2:39.870323181152344
 682/2000,EPReward: 2.43
Episode 683/2000, Reward: 0.35, ploss: 5.670842170715332, aloss:-0.17406702041625977, berr1:47.24205780029297, berr2:47.77417755126953
 683/2000,EPReward: 0.35
Episode 684/2000, Reward: -0.56, ploss: 4.5002641677856445, aloss:-0.1527370661497116, berr1:41.01668930053711, berr2:40.749000549316406
 684/2000,EPReward: -0.56
Episode 685/2000, Reward: 1.16, ploss: 5.7604265213012695, aloss:-0.17597348988056183, berr1:41.5765266418457, berr2:40.79592514038086
 685/2000,EPReward: 1.16
Episode 686/2000, Reward: 3.36, ploss: 5.805313587188721, aloss:-0.2054676115512848, berr1:43.97507095336914, berr2:42.66351318359375
 686/2000,EPReward: 3.36
Episode 687/2000, Reward: 1.12, ploss: 5.907196521759033, aloss:-0.24431534111499786, berr1:41.38597869873047, berr2:41.89705276489258
 687/2000,EPReward: 1.12
Episode 688/2000, Reward: 5.07, ploss: 4.666004657745361, aloss:-0.25751793384552, berr1:40.640357971191406, berr2:40.552425384521484
 688/2000,EPReward: 5.07
Episode 689/2000, Reward: 0.31, ploss: 3.2052035331726074, aloss:-0.24549101293087006, berr1:33.4813117980957, berr2:33.43583297729492
 689/2000,EPReward: 0.31
Episode 690/2000, Reward: -0.07, ploss: 3.039036750793457, aloss:-0.21995115280151367, berr1:44.45859146118164, berr2:43.60163116455078
 690/2000,EPReward: -0.07
Episode 691/2000, Reward: -0.02, ploss: 2.743293046951294, aloss:-0.18984481692314148, berr1:40.27143478393555, berr2:39.91488265991211
 691/2000,EPReward: -0.02
Episode 692/2000, Reward: -1.40, ploss: 3.9465160369873047, aloss:-0.18457157909870148, berr1:38.120235443115234, berr2:38.03014373779297
 692/2000,EPReward: -1.40
Episode 693/2000, Reward: -19.30, ploss: 3.6939570903778076, aloss:-0.16629943251609802, berr1:36.223777770996094, berr2:36.89516830444336
 693/2000,EPReward: -19.30
Episode 694/2000, Reward: -20.50, ploss: 5.964844226837158, aloss:-0.1676633358001709, berr1:37.191776275634766, berr2:36.9266357421875
 694/2000,EPReward: -20.50
Episode 695/2000, Reward: 8.29, ploss: 4.9175639152526855, aloss:-0.16230186820030212, berr1:42.804893493652344, berr2:42.40721893310547
 695/2000,EPReward: 8.29
Episode 696/2000, Reward: 5.52, ploss: 4.727400779724121, aloss:-0.16926155984401703, berr1:38.72507095336914, berr2:38.133689880371094
 696/2000,EPReward: 5.52
Episode 697/2000, Reward: -1.36, ploss: 5.300376892089844, aloss:-0.1791338175535202, berr1:36.99739074707031, berr2:36.70809555053711
 697/2000,EPReward: -1.36
Episode 698/2000, Reward: -19.50, ploss: 6.187036037445068, aloss:-0.18270926177501678, berr1:42.56971740722656, berr2:43.41604232788086
 698/2000,EPReward: -19.50
Episode 699/2000, Reward: 0.31, ploss: 4.682445526123047, aloss:-0.20806345343589783, berr1:45.49848556518555, berr2:45.07716751098633
 699/2000,EPReward: 0.31
Episode 700/2000, Reward: 3.86, ploss: 4.529882431030273, aloss:-0.2135767936706543, berr1:39.37950897216797, berr2:39.38633346557617
 700/2000,EPReward: 3.86
Saved checkpoint at episode 700
Episode 701/2000, Reward: 0.93, ploss: 3.716643810272217, aloss:-0.21769464015960693, berr1:40.04954147338867, berr2:40.619140625
 701/2000,EPReward: 0.93
Episode 702/2000, Reward: 4.93, ploss: 3.8074772357940674, aloss:-0.2013392299413681, berr1:47.354549407958984, berr2:46.677642822265625
 702/2000,EPReward: 4.93
Episode 703/2000, Reward: 9.38, ploss: 5.455662727355957, aloss:-0.1987045556306839, berr1:43.91641616821289, berr2:44.04570770263672
 703/2000,EPReward: 9.38
Episode 704/2000, Reward: -0.57, ploss: 3.32304048538208, aloss:-0.1741379201412201, berr1:30.541000366210938, berr2:31.219825744628906
 704/2000,EPReward: -0.57
Episode 705/2000, Reward: -1.25, ploss: 5.107755184173584, aloss:-0.15838511288166046, berr1:39.85691452026367, berr2:40.4131965637207
 705/2000,EPReward: -1.25
Episode 706/2000, Reward: -1.36, ploss: 5.808783054351807, aloss:-0.1606205701828003, berr1:39.194602966308594, berr2:39.14759826660156
 706/2000,EPReward: -1.36
Episode 707/2000, Reward: -0.50, ploss: 1.0292589664459229, aloss:-0.1446884274482727, berr1:37.144187927246094, berr2:37.861656188964844
 707/2000,EPReward: -0.50
Episode 708/2000, Reward: -0.63, ploss: 5.480731010437012, aloss:-0.12902116775512695, berr1:38.904388427734375, berr2:39.238468170166016
 708/2000,EPReward: -0.63
Episode 709/2000, Reward: -2.23, ploss: 3.5823280811309814, aloss:-0.14441858232021332, berr1:33.97937774658203, berr2:34.436885833740234
 709/2000,EPReward: -2.23
Episode 710/2000, Reward: 2.90, ploss: 2.721116542816162, aloss:-0.13077223300933838, berr1:42.529457092285156, berr2:42.01000213623047
 710/2000,EPReward: 2.90
Episode 711/2000, Reward: -20.50, ploss: 4.896187782287598, aloss:-0.13243645429611206, berr1:45.216766357421875, berr2:44.681480407714844
 711/2000,EPReward: -20.50
Episode 712/2000, Reward: -0.40, ploss: 2.2867190837860107, aloss:-0.1295677125453949, berr1:36.725074768066406, berr2:36.358978271484375
 712/2000,EPReward: -0.40
Episode 713/2000, Reward: -1.34, ploss: 7.170768737792969, aloss:-0.14048022031784058, berr1:41.415565490722656, berr2:41.25718688964844
 713/2000,EPReward: -1.34
Episode 714/2000, Reward: -20.50, ploss: 7.754741668701172, aloss:-0.13693949580192566, berr1:48.45470428466797, berr2:48.37948226928711
 714/2000,EPReward: -20.50
Episode 715/2000, Reward: 3.40, ploss: 3.8121066093444824, aloss:-0.1272316575050354, berr1:40.44485855102539, berr2:39.825557708740234
 715/2000,EPReward: 3.40
Episode 716/2000, Reward: 0.10, ploss: 6.778141498565674, aloss:-0.13725349307060242, berr1:40.96697235107422, berr2:40.67276382446289
 716/2000,EPReward: 0.10
Episode 717/2000, Reward: 8.47, ploss: 5.570176124572754, aloss:-0.1277765929698944, berr1:45.09490203857422, berr2:45.50745391845703
 717/2000,EPReward: 8.47
Episode 718/2000, Reward: -20.50, ploss: 4.042450904846191, aloss:-0.13752485811710358, berr1:35.39025115966797, berr2:35.864662170410156
 718/2000,EPReward: -20.50
Episode 719/2000, Reward: -1.78, ploss: 2.8983285427093506, aloss:-0.13644030690193176, berr1:37.77902603149414, berr2:37.6769905090332
 719/2000,EPReward: -1.78
Episode 720/2000, Reward: -1.55, ploss: 0.8898635506629944, aloss:-0.13310261070728302, berr1:23.906179428100586, berr2:24.25640106201172
 720/2000,EPReward: -1.55
Episode 721/2000, Reward: -19.50, ploss: 1.904057502746582, aloss:-0.14430993795394897, berr1:32.75135040283203, berr2:32.68994903564453
 721/2000,EPReward: -19.50
Episode 722/2000, Reward: 3.57, ploss: 2.508286714553833, aloss:-0.13424307107925415, berr1:37.9140739440918, berr2:38.245635986328125
 722/2000,EPReward: 3.57
Episode 723/2000, Reward: 1.17, ploss: 3.754887819290161, aloss:-0.13550542294979095, berr1:29.734455108642578, berr2:30.202274322509766
 723/2000,EPReward: 1.17
Episode 724/2000, Reward: -20.50, ploss: 3.8301000595092773, aloss:-0.13170379400253296, berr1:38.35851287841797, berr2:39.405426025390625
 724/2000,EPReward: -20.50
Episode 725/2000, Reward: 6.00, ploss: 5.184238433837891, aloss:-0.13531842827796936, berr1:39.60694122314453, berr2:39.05734634399414
 725/2000,EPReward: 6.00
Episode 726/2000, Reward: 5.15, ploss: 5.168917655944824, aloss:-0.12215186655521393, berr1:46.41915512084961, berr2:47.160709381103516
 726/2000,EPReward: 5.15
Episode 727/2000, Reward: 2.65, ploss: 5.9946441650390625, aloss:-0.1270291954278946, berr1:37.58262634277344, berr2:38.154170989990234
 727/2000,EPReward: 2.65
Episode 728/2000, Reward: -0.68, ploss: 8.684554100036621, aloss:-0.12325404584407806, berr1:46.52777862548828, berr2:46.144588470458984
 728/2000,EPReward: -0.68
Episode 729/2000, Reward: -1.05, ploss: 5.07413387298584, aloss:-0.12242826819419861, berr1:41.30364990234375, berr2:41.65360641479492
 729/2000,EPReward: -1.05
Episode 730/2000, Reward: -20.50, ploss: 5.583497047424316, aloss:-0.11907963454723358, berr1:40.96495819091797, berr2:41.565921783447266
 730/2000,EPReward: -20.50
Episode 731/2000, Reward: 2.60, ploss: 2.3730502128601074, aloss:-0.12314420193433762, berr1:38.35582733154297, berr2:37.78659439086914
 731/2000,EPReward: 2.60
Episode 732/2000, Reward: 3.20, ploss: 2.00002384185791, aloss:-0.12189815193414688, berr1:42.88790512084961, berr2:42.540374755859375
 732/2000,EPReward: 3.20
Episode 733/2000, Reward: 6.81, ploss: 4.282061576843262, aloss:-0.12822172045707703, berr1:39.97547912597656, berr2:40.20502471923828
 733/2000,EPReward: 6.81
Episode 734/2000, Reward: -1.04, ploss: 4.464250087738037, aloss:-0.12619085609912872, berr1:50.01271438598633, berr2:49.98384094238281
 734/2000,EPReward: -1.04
Episode 735/2000, Reward: 1.58, ploss: 6.182815074920654, aloss:-0.13016869127750397, berr1:43.51966094970703, berr2:43.372291564941406
 735/2000,EPReward: 1.58
Episode 736/2000, Reward: -20.50, ploss: 4.847743034362793, aloss:-0.132539764046669, berr1:37.77268981933594, berr2:36.4615592956543
 736/2000,EPReward: -20.50
Episode 737/2000, Reward: -20.50, ploss: 3.6165037155151367, aloss:-0.13525645434856415, berr1:46.40096664428711, berr2:46.81595230102539
 737/2000,EPReward: -20.50
Episode 738/2000, Reward: 12.61, ploss: 2.7706456184387207, aloss:-0.14015711843967438, berr1:39.93678665161133, berr2:39.91130828857422
 738/2000,EPReward: 12.61
Episode 739/2000, Reward: 0.13, ploss: 5.3564252853393555, aloss:-0.14702701568603516, berr1:40.40079116821289, berr2:40.338233947753906
 739/2000,EPReward: 0.13
Episode 740/2000, Reward: -1.08, ploss: 4.055976867675781, aloss:-0.14750760793685913, berr1:42.08740997314453, berr2:41.40976333618164
 740/2000,EPReward: -1.08
Episode 741/2000, Reward: -20.50, ploss: 1.2250056266784668, aloss:-0.15278668701648712, berr1:34.04849624633789, berr2:33.961666107177734
 741/2000,EPReward: -20.50
Episode 742/2000, Reward: 7.98, ploss: 4.2165937423706055, aloss:-0.15013113617897034, berr1:37.953041076660156, berr2:38.24016571044922
 742/2000,EPReward: 7.98
Episode 743/2000, Reward: 0.19, ploss: 1.8580695390701294, aloss:-0.151326522231102, berr1:43.01705551147461, berr2:43.61485290527344
 743/2000,EPReward: 0.19
Episode 744/2000, Reward: 7.11, ploss: 1.724457859992981, aloss:-0.14861489832401276, berr1:39.10792541503906, berr2:38.968345642089844
 744/2000,EPReward: 7.11
Episode 745/2000, Reward: -20.50, ploss: 2.950313091278076, aloss:-0.14192844927310944, berr1:36.73333740234375, berr2:36.97467041015625
 745/2000,EPReward: -20.50
Episode 746/2000, Reward: -0.28, ploss: 5.436544418334961, aloss:-0.14851818978786469, berr1:41.56687927246094, berr2:41.21720886230469
 746/2000,EPReward: -0.28
Episode 747/2000, Reward: 6.11, ploss: 7.02933931350708, aloss:-0.14952552318572998, berr1:35.83141326904297, berr2:35.753944396972656
 747/2000,EPReward: 6.11
Episode 748/2000, Reward: 8.69, ploss: 4.385576248168945, aloss:-0.14746204018592834, berr1:35.71578598022461, berr2:35.655269622802734
 748/2000,EPReward: 8.69
Episode 749/2000, Reward: -20.50, ploss: 4.958343505859375, aloss:-0.15399642288684845, berr1:38.75812911987305, berr2:38.562339782714844
 749/2000,EPReward: -20.50
Episode 750/2000, Reward: -20.50, ploss: 4.694019317626953, aloss:-0.15564419329166412, berr1:44.52821731567383, berr2:43.633792877197266
 750/2000,EPReward: -20.50
Episode 751/2000, Reward: -20.50, ploss: 1.721480131149292, aloss:-0.1665009707212448, berr1:35.00096893310547, berr2:35.060386657714844
 751/2000,EPReward: -20.50
Episode 752/2000, Reward: 0.16, ploss: 5.856057167053223, aloss:-0.17405003309249878, berr1:46.94224166870117, berr2:47.12244415283203
 752/2000,EPReward: 0.16
Episode 753/2000, Reward: -20.50, ploss: 3.311596155166626, aloss:-0.18212375044822693, berr1:39.9909782409668, berr2:40.00580978393555
 753/2000,EPReward: -20.50
Episode 754/2000, Reward: 3.41, ploss: 4.224186897277832, aloss:-0.18583130836486816, berr1:34.57712173461914, berr2:33.9226188659668
 754/2000,EPReward: 3.41
Episode 755/2000, Reward: -0.90, ploss: 4.654583930969238, aloss:-0.18420647084712982, berr1:44.667320251464844, berr2:45.62554168701172
 755/2000,EPReward: -0.90
Episode 756/2000, Reward: -1.28, ploss: 4.157800197601318, aloss:-0.18798503279685974, berr1:35.867759704589844, berr2:35.727474212646484
 756/2000,EPReward: -1.28
Episode 757/2000, Reward: 2.88, ploss: 3.4415855407714844, aloss:-0.1829831600189209, berr1:40.13276672363281, berr2:39.93579864501953
 757/2000,EPReward: 2.88
Episode 758/2000, Reward: 0.24, ploss: 1.3279142379760742, aloss:-0.1781863570213318, berr1:34.01356506347656, berr2:33.55002212524414
 758/2000,EPReward: 0.24
Episode 759/2000, Reward: -20.70, ploss: 1.636209487915039, aloss:-0.17509588599205017, berr1:32.85593795776367, berr2:33.37528991699219
 759/2000,EPReward: -20.70
Episode 760/2000, Reward: -20.70, ploss: 4.948256492614746, aloss:-0.17762604355812073, berr1:42.630332946777344, berr2:42.1029052734375
 760/2000,EPReward: -20.70
Episode 761/2000, Reward: -0.77, ploss: 2.2507331371307373, aloss:-0.17582233250141144, berr1:40.641780853271484, berr2:40.383670806884766
 761/2000,EPReward: -0.77
Episode 762/2000, Reward: 1.73, ploss: 3.9866037368774414, aloss:-0.1794883757829666, berr1:39.511077880859375, berr2:38.87929916381836
 762/2000,EPReward: 1.73
Episode 763/2000, Reward: 1.53, ploss: 7.748106956481934, aloss:-0.17698873579502106, berr1:48.22588348388672, berr2:48.19025421142578
 763/2000,EPReward: 1.53
Episode 764/2000, Reward: 3.34, ploss: 6.957597255706787, aloss:-0.17490684986114502, berr1:47.843013763427734, berr2:47.50443649291992
 764/2000,EPReward: 3.34
Episode 765/2000, Reward: 2.34, ploss: 4.041417121887207, aloss:-0.18141786754131317, berr1:46.77360916137695, berr2:47.038734436035156
 765/2000,EPReward: 2.34
Episode 766/2000, Reward: -0.39, ploss: 6.855327606201172, aloss:-0.18094868957996368, berr1:36.16804504394531, berr2:35.97916030883789
 766/2000,EPReward: -0.39
Episode 767/2000, Reward: -0.94, ploss: 6.776544094085693, aloss:-0.18432189524173737, berr1:49.836708068847656, berr2:49.24074935913086
 767/2000,EPReward: -0.94
Episode 768/2000, Reward: -19.50, ploss: 7.394432544708252, aloss:-0.18454380333423615, berr1:48.02975082397461, berr2:47.72999572753906
 768/2000,EPReward: -19.50
Episode 769/2000, Reward: -0.30, ploss: 6.854172706604004, aloss:-0.18903204798698425, berr1:40.405975341796875, berr2:40.318115234375
 769/2000,EPReward: -0.30
Episode 770/2000, Reward: 10.35, ploss: 5.827337265014648, aloss:-0.1924455761909485, berr1:44.746131896972656, berr2:44.50180435180664
 770/2000,EPReward: 10.35
Episode 771/2000, Reward: 10.57, ploss: 6.3264665603637695, aloss:-0.19285456836223602, berr1:40.12699508666992, berr2:40.48393630981445
 771/2000,EPReward: 10.57
Episode 772/2000, Reward: 5.19, ploss: 5.846896171569824, aloss:-0.19667382538318634, berr1:47.545658111572266, berr2:48.0004997253418
 772/2000,EPReward: 5.19
Episode 773/2000, Reward: -20.50, ploss: 1.3190330266952515, aloss:-0.20975853502750397, berr1:40.508792877197266, berr2:40.151466369628906
 773/2000,EPReward: -20.50
Episode 774/2000, Reward: 1.82, ploss: 4.001913547515869, aloss:-0.20211602747440338, berr1:38.75453186035156, berr2:38.88600158691406
 774/2000,EPReward: 1.82
Episode 775/2000, Reward: 1.28, ploss: 5.268733978271484, aloss:-0.20071718096733093, berr1:43.48706817626953, berr2:43.05900573730469
 775/2000,EPReward: 1.28
Episode 776/2000, Reward: -20.50, ploss: 4.526955604553223, aloss:-0.2039475440979004, berr1:37.92595291137695, berr2:37.124412536621094
 776/2000,EPReward: -20.50
Episode 777/2000, Reward: -20.50, ploss: 3.941240072250366, aloss:-0.20446760952472687, berr1:36.61579895019531, berr2:36.14611053466797
 777/2000,EPReward: -20.50
Episode 778/2000, Reward: 0.97, ploss: 4.664565086364746, aloss:-0.20114561915397644, berr1:40.43166732788086, berr2:41.04810333251953
 778/2000,EPReward: 0.97
Episode 779/2000, Reward: -20.50, ploss: 1.937807559967041, aloss:-0.20541489124298096, berr1:35.59475326538086, berr2:36.40350341796875
 779/2000,EPReward: -20.50
Episode 780/2000, Reward: -0.15, ploss: 3.987975597381592, aloss:-0.20692084729671478, berr1:41.06267547607422, berr2:41.0282096862793
 780/2000,EPReward: -0.15
Episode 781/2000, Reward: -0.91, ploss: 4.750828266143799, aloss:-0.2072708159685135, berr1:41.1629524230957, berr2:40.90726089477539
 781/2000,EPReward: -0.91
Episode 782/2000, Reward: -0.12, ploss: 1.319866418838501, aloss:-0.2153688371181488, berr1:35.23580551147461, berr2:35.30656814575195
 782/2000,EPReward: -0.12
Episode 783/2000, Reward: 1.81, ploss: 6.138329029083252, aloss:-0.21686908602714539, berr1:41.115570068359375, berr2:41.59994125366211
 783/2000,EPReward: 1.81
Episode 784/2000, Reward: 0.73, ploss: 7.287312030792236, aloss:-0.21431957185268402, berr1:41.377410888671875, berr2:41.16979217529297
 784/2000,EPReward: 0.73
Episode 785/2000, Reward: 4.54, ploss: 3.6893234252929688, aloss:-0.22755692899227142, berr1:36.46601104736328, berr2:35.62760925292969
 785/2000,EPReward: 4.54
Episode 786/2000, Reward: 6.45, ploss: 4.4542236328125, aloss:-0.22574082016944885, berr1:34.98101043701172, berr2:34.88739776611328
 786/2000,EPReward: 6.45
Episode 787/2000, Reward: 2.87, ploss: 4.098702907562256, aloss:-0.2335776835680008, berr1:40.46781921386719, berr2:40.1396369934082
 787/2000,EPReward: 2.87
Episode 788/2000, Reward: -1.30, ploss: 1.3313812017440796, aloss:-0.23458588123321533, berr1:38.81370544433594, berr2:38.77566909790039
 788/2000,EPReward: -1.30
Episode 789/2000, Reward: -19.50, ploss: 4.061376094818115, aloss:-0.22952207922935486, berr1:37.908470153808594, berr2:36.61710739135742
 789/2000,EPReward: -19.50
Episode 790/2000, Reward: 0.51, ploss: 1.3049123287200928, aloss:-0.22911661863327026, berr1:37.66102981567383, berr2:37.11569595336914
 790/2000,EPReward: 0.51
Episode 791/2000, Reward: 3.92, ploss: 5.67636251449585, aloss:-0.22146645188331604, berr1:42.566932678222656, berr2:42.12308883666992
 791/2000,EPReward: 3.92
Episode 792/2000, Reward: -1.31, ploss: 3.8351848125457764, aloss:-0.22219035029411316, berr1:44.295921325683594, berr2:45.57170486450195
 792/2000,EPReward: -1.31
Episode 793/2000, Reward: -19.50, ploss: 6.716973781585693, aloss:-0.20832446217536926, berr1:41.3851318359375, berr2:42.108306884765625
 793/2000,EPReward: -19.50
Episode 794/2000, Reward: -20.50, ploss: 7.268272399902344, aloss:-0.19449403882026672, berr1:43.063663482666016, berr2:41.80556869506836
 794/2000,EPReward: -20.50
Episode 795/2000, Reward: -0.55, ploss: 5.7656731605529785, aloss:-0.18274198472499847, berr1:45.95722961425781, berr2:45.6700439453125
 795/2000,EPReward: -0.55
Episode 796/2000, Reward: -20.50, ploss: 6.379628658294678, aloss:-0.17826829850673676, berr1:41.06309509277344, berr2:41.145660400390625
 796/2000,EPReward: -20.50
Episode 797/2000, Reward: -0.06, ploss: 4.116144180297852, aloss:-0.16981665790081024, berr1:37.78579330444336, berr2:38.156375885009766
 797/2000,EPReward: -0.06
Episode 798/2000, Reward: -0.71, ploss: 3.8419554233551025, aloss:-0.15907716751098633, berr1:42.8131217956543, berr2:41.4459114074707
 798/2000,EPReward: -0.71
Episode 799/2000, Reward: -0.13, ploss: 4.520931243896484, aloss:-0.1590259075164795, berr1:48.54387283325195, berr2:48.27219772338867
 799/2000,EPReward: -0.13
Episode 800/2000, Reward: -0.26, ploss: 4.298457145690918, aloss:-0.15328268706798553, berr1:40.19280242919922, berr2:39.652793884277344
 800/2000,EPReward: -0.26
Saved checkpoint at episode 800
Episode 801/2000, Reward: -1.07, ploss: 4.410904407501221, aloss:-0.14778733253479004, berr1:43.222591400146484, berr2:43.88917922973633
 801/2000,EPReward: -1.07
Episode 802/2000, Reward: 0.71, ploss: 5.855067253112793, aloss:-0.14587771892547607, berr1:41.3156852722168, berr2:41.16276931762695
 802/2000,EPReward: 0.71
Episode 803/2000, Reward: 1.63, ploss: 5.04589319229126, aloss:-0.14996901154518127, berr1:43.60261535644531, berr2:42.64435577392578
 803/2000,EPReward: 1.63
Episode 804/2000, Reward: -1.85, ploss: 6.970516204833984, aloss:-0.14767295122146606, berr1:44.94968795776367, berr2:43.99248504638672
 804/2000,EPReward: -1.85
Episode 805/2000, Reward: 7.07, ploss: 5.304136753082275, aloss:-0.15232455730438232, berr1:48.155067443847656, berr2:48.46162414550781
 805/2000,EPReward: 7.07
Episode 806/2000, Reward: -0.61, ploss: 3.7387757301330566, aloss:-0.15838798880577087, berr1:39.39856719970703, berr2:39.897193908691406
 806/2000,EPReward: -0.61
Episode 807/2000, Reward: 3.97, ploss: 4.361279487609863, aloss:-0.15966448187828064, berr1:42.38853454589844, berr2:41.869110107421875
 807/2000,EPReward: 3.97
Episode 808/2000, Reward: -1.58, ploss: 5.418544292449951, aloss:-0.1570490151643753, berr1:42.719234466552734, berr2:42.08943557739258
 808/2000,EPReward: -1.58
Episode 809/2000, Reward: -0.36, ploss: 3.36358380317688, aloss:-0.16171002388000488, berr1:42.95362854003906, berr2:42.9241943359375
 809/2000,EPReward: -0.36
Episode 810/2000, Reward: -0.26, ploss: 2.1163692474365234, aloss:-0.1575717031955719, berr1:27.502178192138672, berr2:27.48530387878418
 810/2000,EPReward: -0.26
Episode 811/2000, Reward: -20.50, ploss: 5.556333541870117, aloss:-0.1445397585630417, berr1:39.001953125, berr2:38.34367370605469
 811/2000,EPReward: -20.50
Episode 812/2000, Reward: 6.48, ploss: 6.513702392578125, aloss:-0.1424420028924942, berr1:39.031105041503906, berr2:39.91444396972656
 812/2000,EPReward: 6.48
Episode 813/2000, Reward: 0.01, ploss: 4.690432548522949, aloss:-0.13768497109413147, berr1:34.378360748291016, berr2:34.5654182434082
 813/2000,EPReward: 0.01
Episode 814/2000, Reward: 1.39, ploss: 4.618813514709473, aloss:-0.12752963602542877, berr1:31.437835693359375, berr2:32.00727081298828
 814/2000,EPReward: 1.39
Episode 815/2000, Reward: -20.50, ploss: 3.5651752948760986, aloss:-0.12256523966789246, berr1:37.407798767089844, berr2:37.61699676513672
 815/2000,EPReward: -20.50
Episode 816/2000, Reward: -20.50, ploss: 4.738834857940674, aloss:-0.11134979128837585, berr1:39.59459686279297, berr2:40.026851654052734
 816/2000,EPReward: -20.50
Episode 817/2000, Reward: -0.46, ploss: 5.385294437408447, aloss:-0.10360611975193024, berr1:41.73814392089844, berr2:41.402130126953125
 817/2000,EPReward: -0.46
Episode 818/2000, Reward: 1.72, ploss: 4.75217866897583, aloss:-0.10204771161079407, berr1:42.48738479614258, berr2:41.733184814453125
 818/2000,EPReward: 1.72
Episode 819/2000, Reward: -1.11, ploss: 4.408791542053223, aloss:-0.09450993686914444, berr1:38.68052291870117, berr2:38.6058349609375
 819/2000,EPReward: -1.11
Episode 820/2000, Reward: -20.50, ploss: 4.637080192565918, aloss:-0.0841422975063324, berr1:41.76445770263672, berr2:41.60498809814453
 820/2000,EPReward: -20.50
Episode 821/2000, Reward: -20.50, ploss: 5.015156269073486, aloss:-0.08613227307796478, berr1:46.9749870300293, berr2:47.25012969970703
 821/2000,EPReward: -20.50
Episode 822/2000, Reward: 1.58, ploss: 4.266107082366943, aloss:-0.08739625662565231, berr1:36.01862716674805, berr2:35.838104248046875
 822/2000,EPReward: 1.58
Episode 823/2000, Reward: 3.16, ploss: 4.528520584106445, aloss:-0.08913379162549973, berr1:42.11521911621094, berr2:41.81961441040039
 823/2000,EPReward: 3.16
Episode 824/2000, Reward: -1.02, ploss: 7.80829381942749, aloss:-0.09331513941287994, berr1:42.56602478027344, berr2:42.621490478515625
 824/2000,EPReward: -1.02
Episode 825/2000, Reward: -20.50, ploss: 6.078657150268555, aloss:-0.09831862896680832, berr1:39.45321273803711, berr2:39.900245666503906
 825/2000,EPReward: -20.50
Episode 826/2000, Reward: -0.31, ploss: 2.0904483795166016, aloss:-0.10668669641017914, berr1:32.9534912109375, berr2:33.49314880371094
 826/2000,EPReward: -0.31
Episode 827/2000, Reward: 6.45, ploss: 3.4509084224700928, aloss:-0.1192275807261467, berr1:43.73735427856445, berr2:42.76926040649414
 827/2000,EPReward: 6.45
Episode 828/2000, Reward: -1.47, ploss: 3.6404895782470703, aloss:-0.13299867510795593, berr1:41.89641571044922, berr2:41.62565231323242
 828/2000,EPReward: -1.47
Episode 829/2000, Reward: -0.72, ploss: 2.6572141647338867, aloss:-0.1435784548521042, berr1:41.663448333740234, berr2:41.30599594116211
 829/2000,EPReward: -0.72
Episode 830/2000, Reward: -1.32, ploss: 7.020129203796387, aloss:-0.1569797247648239, berr1:37.3332633972168, berr2:37.110164642333984
 830/2000,EPReward: -1.32
Episode 831/2000, Reward: 2.13, ploss: 6.501344680786133, aloss:-0.17491790652275085, berr1:42.39926528930664, berr2:42.43687438964844
 831/2000,EPReward: 2.13
Episode 832/2000, Reward: -20.30, ploss: 3.088106632232666, aloss:-0.1956084966659546, berr1:46.33747100830078, berr2:45.32205581665039
 832/2000,EPReward: -20.30
Episode 833/2000, Reward: -19.50, ploss: 6.114724636077881, aloss:-0.2023864984512329, berr1:48.70644760131836, berr2:49.29402542114258
 833/2000,EPReward: -19.50
Episode 834/2000, Reward: 4.54, ploss: 3.093095302581787, aloss:-0.22111111879348755, berr1:40.42815017700195, berr2:40.8306884765625
 834/2000,EPReward: 4.54
Episode 835/2000, Reward: -20.50, ploss: 5.792910575866699, aloss:-0.22183367609977722, berr1:39.11532974243164, berr2:39.022743225097656
 835/2000,EPReward: -20.50
Episode 836/2000, Reward: -0.88, ploss: 4.607723236083984, aloss:-0.23199638724327087, berr1:40.973785400390625, berr2:41.51074981689453
 836/2000,EPReward: -0.88
Episode 837/2000, Reward: -20.50, ploss: 4.864756107330322, aloss:-0.23396460711956024, berr1:47.69033432006836, berr2:48.46858596801758
 837/2000,EPReward: -20.50
Episode 838/2000, Reward: 1.73, ploss: 1.0232731103897095, aloss:-0.24296773970127106, berr1:34.21686553955078, berr2:34.375389099121094
 838/2000,EPReward: 1.73
Episode 839/2000, Reward: -1.43, ploss: 6.518672466278076, aloss:-0.23301377892494202, berr1:41.699180603027344, berr2:40.48783493041992
 839/2000,EPReward: -1.43
Episode 840/2000, Reward: 7.28, ploss: 6.912433624267578, aloss:-0.23049035668373108, berr1:39.97599411010742, berr2:40.59914779663086
 840/2000,EPReward: 7.28
Episode 841/2000, Reward: -1.14, ploss: 4.444549083709717, aloss:-0.2309156358242035, berr1:51.06663513183594, berr2:51.41790008544922
 841/2000,EPReward: -1.14
Episode 842/2000, Reward: 4.46, ploss: 0.8310290575027466, aloss:-0.23873619735240936, berr1:37.07142639160156, berr2:37.10161209106445
 842/2000,EPReward: 4.46
Episode 843/2000, Reward: -19.50, ploss: 3.850123643875122, aloss:-0.22953945398330688, berr1:40.88823318481445, berr2:40.08232498168945
 843/2000,EPReward: -19.50
Episode 844/2000, Reward: -20.50, ploss: 3.3162479400634766, aloss:-0.22212697565555573, berr1:39.15542984008789, berr2:39.64007568359375
 844/2000,EPReward: -20.50
Episode 845/2000, Reward: 1.62, ploss: 3.5879921913146973, aloss:-0.22065192461013794, berr1:49.19249725341797, berr2:48.91395568847656
 845/2000,EPReward: 1.62
Episode 846/2000, Reward: 6.02, ploss: 1.8631302118301392, aloss:-0.21802178025245667, berr1:32.801422119140625, berr2:32.480777740478516
 846/2000,EPReward: 6.02
Episode 847/2000, Reward: 0.48, ploss: 4.7921576499938965, aloss:-0.2150585800409317, berr1:46.588287353515625, berr2:47.118072509765625
 847/2000,EPReward: 0.48
Episode 848/2000, Reward: 1.30, ploss: 5.571339130401611, aloss:-0.21529555320739746, berr1:48.400115966796875, berr2:47.5880012512207
 848/2000,EPReward: 1.30
Episode 849/2000, Reward: -0.99, ploss: 3.7137107849121094, aloss:-0.21733589470386505, berr1:33.21746826171875, berr2:33.300777435302734
 849/2000,EPReward: -0.99
Episode 850/2000, Reward: 1.82, ploss: 6.086382865905762, aloss:-0.21774841845035553, berr1:42.508544921875, berr2:41.91529083251953
 850/2000,EPReward: 1.82
Episode 851/2000, Reward: -19.30, ploss: 3.5669517517089844, aloss:-0.22275662422180176, berr1:39.412147521972656, berr2:39.208919525146484
 851/2000,EPReward: -19.30
Episode 852/2000, Reward: -20.50, ploss: 2.6445157527923584, aloss:-0.2279035896062851, berr1:40.67338943481445, berr2:39.81639099121094
 852/2000,EPReward: -20.50
Episode 853/2000, Reward: -20.50, ploss: 3.745328903198242, aloss:-0.22896239161491394, berr1:45.7533073425293, berr2:46.36738204956055
 853/2000,EPReward: -20.50
Episode 854/2000, Reward: -1.36, ploss: 3.2428579330444336, aloss:-0.2295028418302536, berr1:39.97749328613281, berr2:40.49386978149414
 854/2000,EPReward: -1.36
Episode 855/2000, Reward: 0.21, ploss: 7.515158653259277, aloss:-0.22709915041923523, berr1:46.013004302978516, berr2:45.491943359375
 855/2000,EPReward: 0.21
Episode 856/2000, Reward: 8.46, ploss: 8.823091506958008, aloss:-0.22894276678562164, berr1:46.368324279785156, berr2:46.12089538574219
 856/2000,EPReward: 8.46
Episode 857/2000, Reward: 0.18, ploss: 6.860726833343506, aloss:-0.2281031608581543, berr1:39.34418487548828, berr2:39.58488082885742
 857/2000,EPReward: 0.18
Episode 858/2000, Reward: -1.30, ploss: 4.475248336791992, aloss:-0.22242581844329834, berr1:38.616600036621094, berr2:39.253822326660156
 858/2000,EPReward: -1.30
Episode 859/2000, Reward: 2.24, ploss: 8.167232513427734, aloss:-0.21419131755828857, berr1:43.80630111694336, berr2:44.854331970214844
 859/2000,EPReward: 2.24
Episode 860/2000, Reward: 3.01, ploss: 6.113096714019775, aloss:-0.20104369521141052, berr1:40.536155700683594, berr2:41.11312484741211
 860/2000,EPReward: 3.01
Episode 861/2000, Reward: 0.65, ploss: 1.471506953239441, aloss:-0.18660928308963776, berr1:38.28203582763672, berr2:38.48588562011719
 861/2000,EPReward: 0.65
Episode 862/2000, Reward: -20.50, ploss: 2.4087657928466797, aloss:-0.17550748586654663, berr1:34.553565979003906, berr2:35.12443923950195
 862/2000,EPReward: -20.50
Episode 863/2000, Reward: -20.50, ploss: 7.338198661804199, aloss:-0.17161746323108673, berr1:52.22732925415039, berr2:52.41017150878906
 863/2000,EPReward: -20.50
Episode 864/2000, Reward: -0.77, ploss: 6.504904270172119, aloss:-0.1516071856021881, berr1:43.0503044128418, berr2:43.996585845947266
 864/2000,EPReward: -0.77
Episode 865/2000, Reward: 2.66, ploss: 6.19645881652832, aloss:-0.1452406644821167, berr1:47.31948471069336, berr2:47.415767669677734
 865/2000,EPReward: 2.66
Episode 866/2000, Reward: 7.82, ploss: 6.39639139175415, aloss:-0.1395137906074524, berr1:49.3764762878418, berr2:50.265533447265625
 866/2000,EPReward: 7.82
Episode 867/2000, Reward: -0.30, ploss: 5.848394393920898, aloss:-0.13827833533287048, berr1:46.51728057861328, berr2:45.68205642700195
 867/2000,EPReward: -0.30
Episode 868/2000, Reward: -0.01, ploss: 3.3172786235809326, aloss:-0.13509856164455414, berr1:37.86045455932617, berr2:38.63246154785156
 868/2000,EPReward: -0.01
Episode 869/2000, Reward: -1.25, ploss: 0.024602636694908142, aloss:-0.1337415724992752, berr1:35.847469329833984, berr2:35.58014678955078
 869/2000,EPReward: -1.25
Episode 870/2000, Reward: -20.50, ploss: 4.443041801452637, aloss:-0.15345606207847595, berr1:45.03038024902344, berr2:43.49225616455078
 870/2000,EPReward: -20.50
Episode 871/2000, Reward: 1.25, ploss: 4.25616455078125, aloss:-0.1458781510591507, berr1:56.76509475708008, berr2:56.496376037597656
 871/2000,EPReward: 1.25
Episode 872/2000, Reward: 1.23, ploss: 6.174959182739258, aloss:-0.15903426706790924, berr1:37.96324920654297, berr2:38.626373291015625
 872/2000,EPReward: 1.23
Episode 873/2000, Reward: -1.00, ploss: 5.534201622009277, aloss:-0.15737244486808777, berr1:47.99290466308594, berr2:48.378501892089844
 873/2000,EPReward: -1.00
Episode 874/2000, Reward: -20.50, ploss: 8.778314590454102, aloss:-0.18132372200489044, berr1:42.66613006591797, berr2:41.6359977722168
 874/2000,EPReward: -20.50
Episode 875/2000, Reward: 2.79, ploss: 8.073140144348145, aloss:-0.19746312499046326, berr1:41.3995475769043, berr2:39.82567596435547
 875/2000,EPReward: 2.79
Episode 876/2000, Reward: -1.52, ploss: 6.678791522979736, aloss:-0.2224670797586441, berr1:42.40860366821289, berr2:41.63862228393555
 876/2000,EPReward: -1.52
Episode 877/2000, Reward: 3.55, ploss: 2.948402166366577, aloss:-0.2497098445892334, berr1:38.445369720458984, berr2:40.17125701904297
 877/2000,EPReward: 3.55
Episode 878/2000, Reward: -20.50, ploss: 6.750596046447754, aloss:-0.28177690505981445, berr1:42.71247863769531, berr2:43.05483627319336
 878/2000,EPReward: -20.50
Episode 879/2000, Reward: 0.96, ploss: 7.600555419921875, aloss:-0.29763609170913696, berr1:44.72786331176758, berr2:44.96310806274414
 879/2000,EPReward: 0.96
Episode 880/2000, Reward: -20.50, ploss: 1.6348823308944702, aloss:-0.3049560487270355, berr1:38.3907585144043, berr2:37.49736404418945
 880/2000,EPReward: -20.50
Episode 881/2000, Reward: -0.05, ploss: 5.996849060058594, aloss:-0.31410741806030273, berr1:47.2402229309082, berr2:46.964256286621094
 881/2000,EPReward: -0.05
Episode 882/2000, Reward: -0.68, ploss: 4.063727378845215, aloss:-0.2998013198375702, berr1:41.97381591796875, berr2:41.916282653808594
 882/2000,EPReward: -0.68
Episode 883/2000, Reward: -1.72, ploss: 7.04547119140625, aloss:-0.2841130793094635, berr1:40.160911560058594, berr2:40.26784896850586
 883/2000,EPReward: -1.72
Episode 884/2000, Reward: 0.04, ploss: 8.62050724029541, aloss:-0.2747553884983063, berr1:42.9205207824707, berr2:41.79383850097656
 884/2000,EPReward: 0.04
Episode 885/2000, Reward: -20.50, ploss: 2.9548959732055664, aloss:-0.25104036927223206, berr1:35.0459098815918, berr2:34.084903717041016
 885/2000,EPReward: -20.50
Episode 886/2000, Reward: -20.50, ploss: 5.176903247833252, aloss:-0.2566278874874115, berr1:41.92744827270508, berr2:42.006019592285156
 886/2000,EPReward: -20.50
Episode 887/2000, Reward: 0.38, ploss: 6.498806953430176, aloss:-0.2544134259223938, berr1:44.979373931884766, berr2:45.256229400634766
 887/2000,EPReward: 0.38
Episode 888/2000, Reward: -20.50, ploss: 4.798190116882324, aloss:-0.25301772356033325, berr1:39.22648620605469, berr2:39.842010498046875
 888/2000,EPReward: -20.50
Episode 889/2000, Reward: 2.50, ploss: 6.4748077392578125, aloss:-0.2597717344760895, berr1:46.37991714477539, berr2:45.888240814208984
 889/2000,EPReward: 2.50
Episode 890/2000, Reward: -20.30, ploss: 3.771955966949463, aloss:-0.25403866171836853, berr1:41.59481430053711, berr2:41.05607223510742
 890/2000,EPReward: -20.30
Episode 891/2000, Reward: 6.68, ploss: 4.398898124694824, aloss:-0.2660690248012543, berr1:39.24537658691406, berr2:38.839656829833984
 891/2000,EPReward: 6.68
Episode 892/2000, Reward: 3.28, ploss: 8.722162246704102, aloss:-0.2832410931587219, berr1:49.88984298706055, berr2:50.25532531738281
 892/2000,EPReward: 3.28
Episode 893/2000, Reward: 0.38, ploss: 4.745208740234375, aloss:-0.28236284852027893, berr1:40.43791198730469, berr2:39.98752212524414
 893/2000,EPReward: 0.38
Episode 894/2000, Reward: 2.65, ploss: 5.746703147888184, aloss:-0.2866883873939514, berr1:40.061195373535156, berr2:39.29005432128906
 894/2000,EPReward: 2.65
Episode 895/2000, Reward: -1.13, ploss: 4.737366676330566, aloss:-0.2809032201766968, berr1:38.35902786254883, berr2:38.6895751953125
 895/2000,EPReward: -1.13
Episode 896/2000, Reward: 1.12, ploss: 5.696053981781006, aloss:-0.27988874912261963, berr1:38.75812530517578, berr2:38.83901596069336
 896/2000,EPReward: 1.12
Episode 897/2000, Reward: 3.46, ploss: 1.0767488479614258, aloss:-0.2649169862270355, berr1:39.02874755859375, berr2:38.84470748901367
 897/2000,EPReward: 3.46
Episode 898/2000, Reward: 1.55, ploss: 4.709893226623535, aloss:-0.2605837285518646, berr1:45.199432373046875, berr2:44.773006439208984
 898/2000,EPReward: 1.55
Episode 899/2000, Reward: 10.57, ploss: 2.9325220584869385, aloss:-0.2480599582195282, berr1:36.969757080078125, berr2:36.67493438720703
 899/2000,EPReward: 10.57
Episode 900/2000, Reward: -0.07, ploss: 3.545748710632324, aloss:-0.24167749285697937, berr1:39.64888381958008, berr2:39.5330696105957
 900/2000,EPReward: -0.07
Saved checkpoint at episode 900
Episode 901/2000, Reward: 3.66, ploss: 5.43314266204834, aloss:-0.22901439666748047, berr1:40.07387161254883, berr2:39.99278259277344
 901/2000,EPReward: 3.66
Episode 902/2000, Reward: -0.62, ploss: 6.082920074462891, aloss:-0.22153997421264648, berr1:42.80160903930664, berr2:41.82593536376953
 902/2000,EPReward: -0.62
Episode 903/2000, Reward: -0.88, ploss: 10.418489456176758, aloss:-0.2141920030117035, berr1:44.299537658691406, berr2:43.510345458984375
 903/2000,EPReward: -0.88
Episode 904/2000, Reward: -19.50, ploss: 6.042973518371582, aloss:-0.20326325297355652, berr1:42.537933349609375, berr2:41.63711929321289
 904/2000,EPReward: -19.50
Episode 905/2000, Reward: -20.50, ploss: 1.425041913986206, aloss:-0.19479845464229584, berr1:43.7454719543457, berr2:44.103004455566406
 905/2000,EPReward: -20.50
Episode 906/2000, Reward: -20.50, ploss: 2.0129735469818115, aloss:-0.20081335306167603, berr1:31.770259857177734, berr2:32.37263488769531
 906/2000,EPReward: -20.50
Episode 907/2000, Reward: -1.53, ploss: 2.229781150817871, aloss:-0.19448252022266388, berr1:44.381526947021484, berr2:42.647193908691406
 907/2000,EPReward: -1.53
Episode 908/2000, Reward: -0.08, ploss: 7.599107265472412, aloss:-0.19236844778060913, berr1:45.223331451416016, berr2:43.50045394897461
 908/2000,EPReward: -0.08
Episode 909/2000, Reward: -20.50, ploss: 2.8485605716705322, aloss:-0.17896318435668945, berr1:43.7066535949707, berr2:44.249176025390625
 909/2000,EPReward: -20.50
Episode 910/2000, Reward: 4.17, ploss: 7.067779541015625, aloss:-0.1804901510477066, berr1:49.323509216308594, berr2:48.46074295043945
 910/2000,EPReward: 4.17
Episode 911/2000, Reward: -20.50, ploss: 6.883230209350586, aloss:-0.18176931142807007, berr1:41.67625045776367, berr2:41.12078094482422
 911/2000,EPReward: -20.50
Episode 912/2000, Reward: -0.16, ploss: 6.959023952484131, aloss:-0.18655116856098175, berr1:51.21024703979492, berr2:51.27766418457031
 912/2000,EPReward: -0.16
Episode 913/2000, Reward: -1.13, ploss: 3.918877124786377, aloss:-0.18533000349998474, berr1:41.13671112060547, berr2:40.727352142333984
 913/2000,EPReward: -1.13
Episode 914/2000, Reward: 2.84, ploss: 3.47509765625, aloss:-0.1923365741968155, berr1:44.99211120605469, berr2:45.243980407714844
 914/2000,EPReward: 2.84
Episode 915/2000, Reward: -0.89, ploss: 4.997413635253906, aloss:-0.18914617598056793, berr1:44.67900466918945, berr2:44.163272857666016
 915/2000,EPReward: -0.89
Episode 916/2000, Reward: -19.50, ploss: 4.567103385925293, aloss:-0.19099664688110352, berr1:40.33495330810547, berr2:39.602821350097656
 916/2000,EPReward: -19.50
Episode 917/2000, Reward: -0.68, ploss: 6.614561557769775, aloss:-0.19640472531318665, berr1:50.15974426269531, berr2:48.986793518066406
 917/2000,EPReward: -0.68
Episode 918/2000, Reward: -20.70, ploss: 4.401325702667236, aloss:-0.1999647617340088, berr1:48.73286819458008, berr2:48.120643615722656
 918/2000,EPReward: -20.70
Episode 919/2000, Reward: -0.66, ploss: 7.737566947937012, aloss:-0.1982494741678238, berr1:44.987281799316406, berr2:44.62180709838867
 919/2000,EPReward: -0.66
Episode 920/2000, Reward: -1.14, ploss: 9.665533065795898, aloss:-0.20219573378562927, berr1:42.65461730957031, berr2:42.96216583251953
 920/2000,EPReward: -1.14
Episode 921/2000, Reward: 4.32, ploss: 7.9478349685668945, aloss:-0.20256897807121277, berr1:52.558231353759766, berr2:51.90473556518555
 921/2000,EPReward: 4.32
Episode 922/2000, Reward: 1.02, ploss: 4.752096176147461, aloss:-0.2094416469335556, berr1:43.36693572998047, berr2:42.562808990478516
 922/2000,EPReward: 1.02
Episode 923/2000, Reward: 0.33, ploss: 0.04269269108772278, aloss:-0.1994689404964447, berr1:30.26247787475586, berr2:29.96681022644043
 923/2000,EPReward: 0.33
Episode 924/2000, Reward: 3.08, ploss: 2.6710479259490967, aloss:-0.2019425332546234, berr1:49.298831939697266, berr2:48.418174743652344
 924/2000,EPReward: 3.08
Episode 925/2000, Reward: 1.88, ploss: 2.1373345851898193, aloss:-0.18983310461044312, berr1:35.83061218261719, berr2:35.30019760131836
 925/2000,EPReward: 1.88
Episode 926/2000, Reward: 0.54, ploss: 2.113801956176758, aloss:-0.17878271639347076, berr1:41.463294982910156, berr2:42.25670623779297
 926/2000,EPReward: 0.54
Episode 927/2000, Reward: 3.24, ploss: 0.8164550065994263, aloss:-0.1634989231824875, berr1:37.645774841308594, berr2:38.069984436035156
 927/2000,EPReward: 3.24
Episode 928/2000, Reward: -19.50, ploss: 7.715473175048828, aloss:-0.17211651802062988, berr1:48.38252258300781, berr2:48.76275634765625
 928/2000,EPReward: -19.50
Episode 929/2000, Reward: -20.50, ploss: 6.9893999099731445, aloss:-0.16706432402133942, berr1:46.12739181518555, berr2:46.7192268371582
 929/2000,EPReward: -20.50
Episode 930/2000, Reward: -0.46, ploss: 6.534461498260498, aloss:-0.16040830314159393, berr1:39.54460525512695, berr2:39.39772033691406
 930/2000,EPReward: -0.46
Episode 931/2000, Reward: -20.50, ploss: 7.450408935546875, aloss:-0.1599235087633133, berr1:46.47098159790039, berr2:48.0115966796875
 931/2000,EPReward: -20.50
Episode 932/2000, Reward: -0.41, ploss: 5.038561820983887, aloss:-0.1617547571659088, berr1:42.787052154541016, berr2:42.918243408203125
 932/2000,EPReward: -0.41
Episode 933/2000, Reward: -19.50, ploss: 3.2067196369171143, aloss:-0.16204848885536194, berr1:41.224857330322266, berr2:41.307106018066406
 933/2000,EPReward: -19.50
Episode 934/2000, Reward: -1.42, ploss: 1.3203446865081787, aloss:-0.15913647413253784, berr1:41.592384338378906, berr2:41.57444381713867
 934/2000,EPReward: -1.42
Episode 935/2000, Reward: 2.28, ploss: 5.371402740478516, aloss:-0.17347922921180725, berr1:48.840599060058594, berr2:49.03617858886719
 935/2000,EPReward: 2.28
Episode 936/2000, Reward: -0.99, ploss: -1.1784950494766235, aloss:-0.17207346856594086, berr1:29.277416229248047, berr2:29.4385929107666
 936/2000,EPReward: -0.99
Episode 937/2000, Reward: 2.97, ploss: 7.33336877822876, aloss:-0.1786452829837799, berr1:46.84173583984375, berr2:47.93548583984375
 937/2000,EPReward: 2.97
Episode 938/2000, Reward: 4.09, ploss: 5.382296562194824, aloss:-0.17805622518062592, berr1:34.46321487426758, berr2:34.696571350097656
 938/2000,EPReward: 4.09
Episode 939/2000, Reward: -0.07, ploss: 7.038895130157471, aloss:-0.18882684409618378, berr1:41.70980453491211, berr2:41.9610595703125
 939/2000,EPReward: -0.07
Episode 940/2000, Reward: -1.33, ploss: 10.276991844177246, aloss:-0.19001585245132446, berr1:42.615814208984375, berr2:43.01439666748047
 940/2000,EPReward: -1.33
Episode 941/2000, Reward: -0.65, ploss: 7.016409873962402, aloss:-0.20120203495025635, berr1:40.82714080810547, berr2:41.65401077270508
 941/2000,EPReward: -0.65
Episode 942/2000, Reward: 8.95, ploss: 5.500322341918945, aloss:-0.20624855160713196, berr1:44.565425872802734, berr2:46.2098388671875
 942/2000,EPReward: 8.95
Episode 943/2000, Reward: -1.60, ploss: 4.136194229125977, aloss:-0.21241818368434906, berr1:32.96574401855469, berr2:34.24542999267578
 943/2000,EPReward: -1.60
Episode 944/2000, Reward: -1.54, ploss: 3.1729602813720703, aloss:-0.22445648908615112, berr1:49.823089599609375, berr2:49.20220184326172
 944/2000,EPReward: -1.54
Episode 945/2000, Reward: -20.50, ploss: 5.364017963409424, aloss:-0.22751832008361816, berr1:38.744590759277344, berr2:38.91572570800781
 945/2000,EPReward: -20.50
Episode 946/2000, Reward: 1.96, ploss: 5.396972179412842, aloss:-0.23542530834674835, berr1:49.57365036010742, berr2:49.808929443359375
 946/2000,EPReward: 1.96
Episode 947/2000, Reward: -20.50, ploss: 5.538504123687744, aloss:-0.24118231236934662, berr1:46.975860595703125, berr2:48.7997932434082
 947/2000,EPReward: -20.50
Episode 948/2000, Reward: -1.61, ploss: 7.790958881378174, aloss:-0.2447074055671692, berr1:38.8763542175293, berr2:38.40557861328125
 948/2000,EPReward: -1.61
Episode 949/2000, Reward: 1.51, ploss: 6.226166248321533, aloss:-0.249686598777771, berr1:42.521183013916016, berr2:41.58669662475586
 949/2000,EPReward: 1.51
Episode 950/2000, Reward: -0.65, ploss: 7.572148323059082, aloss:-0.24909301102161407, berr1:38.075958251953125, berr2:37.640865325927734
 950/2000,EPReward: -0.65
Episode 951/2000, Reward: 0.87, ploss: 3.5086493492126465, aloss:-0.25799858570098877, berr1:41.587860107421875, berr2:42.24540710449219
 951/2000,EPReward: 0.87
Episode 952/2000, Reward: 2.37, ploss: 0.9994572401046753, aloss:-0.2613920271396637, berr1:44.985111236572266, berr2:44.27165222167969
 952/2000,EPReward: 2.37
Episode 953/2000, Reward: -0.94, ploss: 6.012598514556885, aloss:-0.2566717267036438, berr1:41.51054382324219, berr2:40.71642303466797
 953/2000,EPReward: -0.94
Episode 954/2000, Reward: 3.26, ploss: 6.308265209197998, aloss:-0.2605602741241455, berr1:38.51863098144531, berr2:38.670597076416016
 954/2000,EPReward: 3.26
Episode 955/2000, Reward: -0.31, ploss: 2.427854299545288, aloss:-0.2637016177177429, berr1:41.14347839355469, berr2:40.590946197509766
 955/2000,EPReward: -0.31
Episode 956/2000, Reward: -0.64, ploss: 8.09284496307373, aloss:-0.26500535011291504, berr1:47.13664627075195, berr2:48.064292907714844
 956/2000,EPReward: -0.64
Episode 957/2000, Reward: -1.34, ploss: 5.727283000946045, aloss:-0.27189305424690247, berr1:46.2999153137207, berr2:46.25433349609375
 957/2000,EPReward: -1.34
Episode 958/2000, Reward: -0.30, ploss: 5.033327102661133, aloss:-0.280053049325943, berr1:49.544349670410156, berr2:48.942073822021484
 958/2000,EPReward: -0.30
Episode 959/2000, Reward: 0.93, ploss: 4.7469940185546875, aloss:-0.28456130623817444, berr1:43.83258819580078, berr2:43.779762268066406
 959/2000,EPReward: 0.93
Episode 960/2000, Reward: -20.30, ploss: 5.6296796798706055, aloss:-0.28853532671928406, berr1:39.683921813964844, berr2:39.87285232543945
 960/2000,EPReward: -20.30
Episode 961/2000, Reward: -1.19, ploss: 9.447315216064453, aloss:-0.28659743070602417, berr1:48.012855529785156, berr2:48.5576057434082
 961/2000,EPReward: -1.19
Episode 962/2000, Reward: -20.50, ploss: 7.037914276123047, aloss:-0.28456708788871765, berr1:42.88022232055664, berr2:43.75802993774414
 962/2000,EPReward: -20.50
Episode 963/2000, Reward: -0.74, ploss: 5.679104804992676, aloss:-0.2740350663661957, berr1:45.42751693725586, berr2:45.00535583496094
 963/2000,EPReward: -0.74
Episode 964/2000, Reward: -1.27, ploss: 1.5991833209991455, aloss:-0.2535523772239685, berr1:33.98291778564453, berr2:32.87066650390625
 964/2000,EPReward: -1.27
Episode 965/2000, Reward: 1.89, ploss: 8.958372116088867, aloss:-0.22449243068695068, berr1:48.00425720214844, berr2:49.008819580078125
 965/2000,EPReward: 1.89
Episode 966/2000, Reward: 0.29, ploss: 7.803154945373535, aloss:-0.20131069421768188, berr1:40.371315002441406, berr2:40.72344970703125
 966/2000,EPReward: 0.29
Episode 967/2000, Reward: -1.25, ploss: 1.8924390077590942, aloss:-0.1727297157049179, berr1:34.4465217590332, berr2:34.428253173828125
 967/2000,EPReward: -1.25
Episode 968/2000, Reward: 0.40, ploss: 7.607850551605225, aloss:-0.16158394515514374, berr1:52.327919006347656, berr2:53.096458435058594
 968/2000,EPReward: 0.40
Episode 969/2000, Reward: -0.83, ploss: 7.195425033569336, aloss:-0.14288300275802612, berr1:42.95570373535156, berr2:42.30525588989258
 969/2000,EPReward: -0.83
Episode 970/2000, Reward: 1.69, ploss: 4.645168781280518, aloss:-0.1332453042268753, berr1:38.95094299316406, berr2:38.59634780883789
 970/2000,EPReward: 1.69
Episode 971/2000, Reward: -20.50, ploss: 6.301962852478027, aloss:-0.12556122243404388, berr1:43.64519119262695, berr2:43.5739860534668
 971/2000,EPReward: -20.50
Episode 972/2000, Reward: -20.50, ploss: 5.030972480773926, aloss:-0.1287880837917328, berr1:36.047061920166016, berr2:37.13392639160156
 972/2000,EPReward: -20.50
Episode 973/2000, Reward: -1.25, ploss: 3.626465320587158, aloss:-0.11946263909339905, berr1:40.20759582519531, berr2:40.70279312133789
 973/2000,EPReward: -1.25
Episode 974/2000, Reward: 2.91, ploss: 5.092351913452148, aloss:-0.13477478921413422, berr1:41.04392623901367, berr2:40.95249938964844
 974/2000,EPReward: 2.91
Episode 975/2000, Reward: -1.96, ploss: 4.1130499839782715, aloss:-0.12846773862838745, berr1:39.194969177246094, berr2:39.32140350341797
 975/2000,EPReward: -1.96
Episode 976/2000, Reward: 4.83, ploss: 9.009317398071289, aloss:-0.1510869413614273, berr1:50.491355895996094, berr2:51.69841766357422
 976/2000,EPReward: 4.83
Episode 977/2000, Reward: -1.07, ploss: 5.914903163909912, aloss:-0.14687708020210266, berr1:49.98822784423828, berr2:50.39698028564453
 977/2000,EPReward: -1.07
Episode 978/2000, Reward: -20.50, ploss: 12.68641185760498, aloss:-0.1728135198354721, berr1:54.114288330078125, berr2:53.35712814331055
 978/2000,EPReward: -20.50
Episode 979/2000, Reward: 5.60, ploss: 8.284933090209961, aloss:-0.17973986268043518, berr1:50.88897705078125, berr2:49.737762451171875
 979/2000,EPReward: 5.60
Episode 980/2000, Reward: -1.34, ploss: 6.704320430755615, aloss:-0.20028801262378693, berr1:43.46442794799805, berr2:42.121543884277344
 980/2000,EPReward: -1.34
Episode 981/2000, Reward: 5.99, ploss: 5.9052205085754395, aloss:-0.21525943279266357, berr1:43.729122161865234, berr2:43.62031936645508
 981/2000,EPReward: 5.99
Episode 982/2000, Reward: 1.73, ploss: 4.458029747009277, aloss:-0.22758857905864716, berr1:30.25098991394043, berr2:30.640625
 982/2000,EPReward: 1.73
Episode 983/2000, Reward: 5.76, ploss: 4.553335666656494, aloss:-0.22699062526226044, berr1:47.678871154785156, berr2:46.158905029296875
 983/2000,EPReward: 5.76
Episode 984/2000, Reward: 12.28, ploss: -0.6514804363250732, aloss:-0.21843823790550232, berr1:44.24300765991211, berr2:43.063255310058594
 984/2000,EPReward: 12.28
Episode 985/2000, Reward: -1.21, ploss: 1.489588737487793, aloss:-0.22244681417942047, berr1:33.897972106933594, berr2:34.23418426513672
 985/2000,EPReward: -1.21
Episode 986/2000, Reward: -20.30, ploss: 7.526146411895752, aloss:-0.2229684740304947, berr1:49.527835845947266, berr2:50.84681701660156
 986/2000,EPReward: -20.30
Episode 987/2000, Reward: -1.02, ploss: 1.0974208116531372, aloss:-0.22747114300727844, berr1:33.49208450317383, berr2:32.560516357421875
 987/2000,EPReward: -1.02
Episode 988/2000, Reward: 1.39, ploss: 7.776447772979736, aloss:-0.22670689225196838, berr1:44.919281005859375, berr2:43.97860336303711
 988/2000,EPReward: 1.39
Episode 989/2000, Reward: 1.46, ploss: 4.29488468170166, aloss:-0.23249073326587677, berr1:41.483707427978516, berr2:40.64126205444336
 989/2000,EPReward: 1.46
Episode 990/2000, Reward: 0.18, ploss: 4.996535778045654, aloss:-0.2512344717979431, berr1:45.13727951049805, berr2:46.66781997680664
 990/2000,EPReward: 0.18
Episode 991/2000, Reward: -0.16, ploss: 7.586028575897217, aloss:-0.24596033990383148, berr1:46.961517333984375, berr2:47.97590637207031
 991/2000,EPReward: -0.16
Episode 992/2000, Reward: 0.84, ploss: 2.1634316444396973, aloss:-0.25076526403427124, berr1:39.15822982788086, berr2:39.27265167236328
 992/2000,EPReward: 0.84
Episode 993/2000, Reward: 4.44, ploss: 5.170005798339844, aloss:-0.25482916831970215, berr1:46.27338790893555, berr2:45.85604476928711
 993/2000,EPReward: 4.44
Episode 994/2000, Reward: 2.33, ploss: 3.354206085205078, aloss:-0.25773558020591736, berr1:41.52548599243164, berr2:41.42803955078125
 994/2000,EPReward: 2.33
Episode 995/2000, Reward: 3.89, ploss: 4.719128131866455, aloss:-0.26391178369522095, berr1:41.162445068359375, berr2:42.175384521484375
 995/2000,EPReward: 3.89
Episode 996/2000, Reward: -0.10, ploss: 6.269179344177246, aloss:-0.254370778799057, berr1:40.02131652832031, berr2:40.84067153930664
 996/2000,EPReward: -0.10
Episode 997/2000, Reward: 2.18, ploss: 4.424816131591797, aloss:-0.266288697719574, berr1:40.847259521484375, berr2:40.69963073730469
 997/2000,EPReward: 2.18
Episode 998/2000, Reward: -0.93, ploss: 4.672228813171387, aloss:-0.2673209309577942, berr1:35.80946731567383, berr2:35.14553451538086
 998/2000,EPReward: -0.93
Episode 999/2000, Reward: -1.19, ploss: 6.843222141265869, aloss:-0.25881561636924744, berr1:46.409637451171875, berr2:46.07612228393555
 999/2000,EPReward: -1.19
Episode 1000/2000, Reward: -20.50, ploss: 7.879447937011719, aloss:-0.2627373933792114, berr1:41.66767883300781, berr2:41.49398422241211
 1000/2000,EPReward: -20.50
Saved checkpoint at episode 1000
Episode 1001/2000, Reward: 5.09, ploss: 6.80709981918335, aloss:-0.25991225242614746, berr1:45.509456634521484, berr2:45.33452606201172
 1001/2000,EPReward: 5.09
Episode 1002/2000, Reward: 2.28, ploss: 5.354191780090332, aloss:-0.2630494236946106, berr1:39.58070755004883, berr2:40.68590545654297
 1002/2000,EPReward: 2.28
Episode 1003/2000, Reward: 3.94, ploss: 7.395436763763428, aloss:-0.2549379765987396, berr1:48.207725524902344, berr2:48.04617691040039
 1003/2000,EPReward: 3.94
Episode 1004/2000, Reward: 0.04, ploss: 6.506866931915283, aloss:-0.25435155630111694, berr1:45.99161911010742, berr2:45.30626678466797
 1004/2000,EPReward: 0.04
Episode 1005/2000, Reward: 2.58, ploss: 2.754709005355835, aloss:-0.25886213779449463, berr1:39.76734161376953, berr2:40.157386779785156
 1005/2000,EPReward: 2.58
Episode 1006/2000, Reward: 1.58, ploss: 6.748626232147217, aloss:-0.2413337528705597, berr1:40.438026428222656, berr2:40.88713455200195
 1006/2000,EPReward: 1.58
Episode 1007/2000, Reward: 1.61, ploss: -0.17791783809661865, aloss:-0.25431668758392334, berr1:38.081451416015625, berr2:38.78086853027344
 1007/2000,EPReward: 1.61
Episode 1008/2000, Reward: 0.17, ploss: 6.039904594421387, aloss:-0.23113220930099487, berr1:48.482112884521484, berr2:48.77145004272461
 1008/2000,EPReward: 0.17
Episode 1009/2000, Reward: 2.78, ploss: 3.156270742416382, aloss:-0.23299087584018707, berr1:36.908267974853516, berr2:37.171993255615234
 1009/2000,EPReward: 2.78
Episode 1010/2000, Reward: 1.19, ploss: 6.13508415222168, aloss:-0.2190641313791275, berr1:44.31058883666992, berr2:43.994041442871094
 1010/2000,EPReward: 1.19
Episode 1011/2000, Reward: 2.07, ploss: 8.709297180175781, aloss:-0.20914281904697418, berr1:42.11746597290039, berr2:42.158287048339844
 1011/2000,EPReward: 2.07
Episode 1012/2000, Reward: 7.89, ploss: 6.435480117797852, aloss:-0.21314942836761475, berr1:38.17585372924805, berr2:38.356666564941406
 1012/2000,EPReward: 7.89
Episode 1013/2000, Reward: 0.71, ploss: 2.2666118144989014, aloss:-0.2012602984905243, berr1:40.683349609375, berr2:40.59904861450195
 1013/2000,EPReward: 0.71
Episode 1014/2000, Reward: 2.22, ploss: 1.2191193103790283, aloss:-0.20650243759155273, berr1:33.46797180175781, berr2:32.90253829956055
 1014/2000,EPReward: 2.22
Episode 1015/2000, Reward: 3.50, ploss: 2.529797315597534, aloss:-0.19861774146556854, berr1:35.715675354003906, berr2:35.88078308105469
 1015/2000,EPReward: 3.50
Episode 1016/2000, Reward: 2.56, ploss: 4.209419250488281, aloss:-0.21250656247138977, berr1:41.20367431640625, berr2:42.10419464111328
 1016/2000,EPReward: 2.56
Episode 1017/2000, Reward: 0.87, ploss: 4.6515960693359375, aloss:-0.21592310070991516, berr1:43.22405242919922, berr2:43.429988861083984
 1017/2000,EPReward: 0.87
Episode 1018/2000, Reward: 2.01, ploss: 5.111371040344238, aloss:-0.22485992312431335, berr1:35.930843353271484, berr2:36.07097244262695
 1018/2000,EPReward: 2.01
Episode 1019/2000, Reward: -0.52, ploss: 4.267675876617432, aloss:-0.2331249713897705, berr1:30.28784942626953, berr2:30.49925422668457
 1019/2000,EPReward: -0.52
Episode 1020/2000, Reward: 1.98, ploss: 5.334898471832275, aloss:-0.2552974820137024, berr1:43.25327682495117, berr2:43.36690902709961
 1020/2000,EPReward: 1.98
Episode 1021/2000, Reward: 0.85, ploss: 4.471474647521973, aloss:-0.26223406195640564, berr1:34.85253143310547, berr2:34.975624084472656
 1021/2000,EPReward: 0.85
Episode 1022/2000, Reward: 3.57, ploss: 5.608031272888184, aloss:-0.2794035077095032, berr1:49.88723373413086, berr2:49.53874588012695
 1022/2000,EPReward: 3.57
Episode 1023/2000, Reward: 0.35, ploss: 3.9515600204467773, aloss:-0.2844018042087555, berr1:42.341087341308594, berr2:42.5697021484375
 1023/2000,EPReward: 0.35
Episode 1024/2000, Reward: 6.86, ploss: 2.6073989868164062, aloss:-0.26973143219947815, berr1:51.166961669921875, berr2:50.604278564453125
 1024/2000,EPReward: 6.86
Episode 1025/2000, Reward: 6.11, ploss: 5.322319507598877, aloss:-0.2708132863044739, berr1:42.96466827392578, berr2:42.33280944824219
 1025/2000,EPReward: 6.11
Episode 1026/2000, Reward: 3.37, ploss: 4.446475028991699, aloss:-0.25367099046707153, berr1:40.45903778076172, berr2:40.12841033935547
 1026/2000,EPReward: 3.37
Episode 1027/2000, Reward: 4.08, ploss: 4.388734817504883, aloss:-0.23452907800674438, berr1:39.6421012878418, berr2:39.695533752441406
 1027/2000,EPReward: 4.08
Episode 1028/2000, Reward: 3.11, ploss: 6.634346961975098, aloss:-0.22726938128471375, berr1:37.81277847290039, berr2:37.33662796020508
 1028/2000,EPReward: 3.11
Episode 1029/2000, Reward: 1.99, ploss: 1.1605401039123535, aloss:-0.2039148062467575, berr1:30.04418182373047, berr2:30.880708694458008
 1029/2000,EPReward: 1.99
Episode 1030/2000, Reward: 2.83, ploss: 0.6412707567214966, aloss:-0.19431576132774353, berr1:35.65553665161133, berr2:34.92219924926758
 1030/2000,EPReward: 2.83
Episode 1031/2000, Reward: 0.81, ploss: 6.278738975524902, aloss:-0.21747151017189026, berr1:41.653751373291016, berr2:42.4850959777832
 1031/2000,EPReward: 0.81
Episode 1032/2000, Reward: 1.20, ploss: -0.2660501301288605, aloss:-0.19563159346580505, berr1:41.01958084106445, berr2:40.06377410888672
 1032/2000,EPReward: 1.20
Episode 1033/2000, Reward: -0.15, ploss: 4.643703460693359, aloss:-0.1951579600572586, berr1:36.85823440551758, berr2:36.937461853027344
 1033/2000,EPReward: -0.15
Episode 1034/2000, Reward: 1.09, ploss: 5.71337890625, aloss:-0.2193891704082489, berr1:40.80021667480469, berr2:39.70357894897461
 1034/2000,EPReward: 1.09
Episode 1035/2000, Reward: 3.23, ploss: 5.871050834655762, aloss:-0.23454850912094116, berr1:40.39720916748047, berr2:39.85080337524414
 1035/2000,EPReward: 3.23
Episode 1036/2000, Reward: 1.04, ploss: 6.652121067047119, aloss:-0.2583144009113312, berr1:40.637046813964844, berr2:40.827972412109375
 1036/2000,EPReward: 1.04
Episode 1037/2000, Reward: 2.48, ploss: 2.6362297534942627, aloss:-0.2820412218570709, berr1:40.571414947509766, berr2:40.51793670654297
 1037/2000,EPReward: 2.48
Episode 1038/2000, Reward: -0.41, ploss: -2.396116256713867, aloss:-0.2955856919288635, berr1:41.93700408935547, berr2:41.54014587402344
 1038/2000,EPReward: -0.41
Episode 1039/2000, Reward: 3.98, ploss: 3.745906352996826, aloss:-0.3345474898815155, berr1:45.584285736083984, berr2:45.17427062988281
 1039/2000,EPReward: 3.98
Episode 1040/2000, Reward: 2.57, ploss: 6.885005474090576, aloss:-0.35283973813056946, berr1:51.39936828613281, berr2:51.289031982421875
 1040/2000,EPReward: 2.57
Episode 1041/2000, Reward: 0.11, ploss: 1.8150702714920044, aloss:-0.367272287607193, berr1:40.64289474487305, berr2:40.67954635620117
 1041/2000,EPReward: 0.11
Episode 1042/2000, Reward: 1.34, ploss: 0.43900132179260254, aloss:-0.38213276863098145, berr1:40.97844314575195, berr2:40.610145568847656
 1042/2000,EPReward: 1.34
Episode 1043/2000, Reward: 2.46, ploss: 4.812149524688721, aloss:-0.3883717954158783, berr1:45.704933166503906, berr2:45.07619094848633
 1043/2000,EPReward: 2.46
Episode 1044/2000, Reward: 2.56, ploss: 0.5130152702331543, aloss:-0.373748242855072, berr1:37.74684524536133, berr2:37.66719055175781
 1044/2000,EPReward: 2.56
Episode 1045/2000, Reward: 1.17, ploss: -0.9048440456390381, aloss:-0.3674592077732086, berr1:43.61628341674805, berr2:43.50674057006836
 1045/2000,EPReward: 1.17
Episode 1046/2000, Reward: 3.27, ploss: 1.6322826147079468, aloss:-0.3448481261730194, berr1:46.28582763671875, berr2:45.8533935546875
 1046/2000,EPReward: 3.27
Episode 1047/2000, Reward: 1.38, ploss: 0.11256000399589539, aloss:-0.33993303775787354, berr1:41.485076904296875, berr2:41.373573303222656
 1047/2000,EPReward: 1.38
Episode 1048/2000, Reward: 1.83, ploss: 1.3588111400604248, aloss:-0.3280000686645508, berr1:37.84455108642578, berr2:38.381744384765625
 1048/2000,EPReward: 1.83
Episode 1049/2000, Reward: 4.73, ploss: -1.1047537326812744, aloss:-0.3183707296848297, berr1:40.10913848876953, berr2:40.487064361572266
 1049/2000,EPReward: 4.73
Episode 1050/2000, Reward: -0.30, ploss: 5.896456718444824, aloss:-0.31882911920547485, berr1:56.699031829833984, berr2:57.02008056640625
 1050/2000,EPReward: -0.30
Episode 1051/2000, Reward: 1.61, ploss: -0.8693439960479736, aloss:-0.3026116192340851, berr1:36.81900405883789, berr2:36.75297164916992
 1051/2000,EPReward: 1.61
Episode 1052/2000, Reward: -1.29, ploss: 1.401136875152588, aloss:-0.30149441957473755, berr1:40.22021484375, berr2:39.75553512573242
 1052/2000,EPReward: -1.29
Episode 1053/2000, Reward: -0.98, ploss: -0.6316009163856506, aloss:-0.3086177110671997, berr1:31.73908042907715, berr2:31.139984130859375
 1053/2000,EPReward: -0.98
Episode 1054/2000, Reward: 3.16, ploss: -1.1178797483444214, aloss:-0.315493643283844, berr1:32.979698181152344, berr2:33.59135055541992
 1054/2000,EPReward: 3.16
Episode 1055/2000, Reward: 4.35, ploss: -0.018882572650909424, aloss:-0.31521517038345337, berr1:42.84688186645508, berr2:42.70805358886719
 1055/2000,EPReward: 4.35
Episode 1056/2000, Reward: 1.74, ploss: -0.804466187953949, aloss:-0.3038954734802246, berr1:38.18294906616211, berr2:38.02908706665039
 1056/2000,EPReward: 1.74
Episode 1057/2000, Reward: 1.05, ploss: 2.5199174880981445, aloss:-0.29582419991493225, berr1:35.17404556274414, berr2:35.086246490478516
 1057/2000,EPReward: 1.05
Episode 1058/2000, Reward: -0.83, ploss: 2.530904531478882, aloss:-0.28615134954452515, berr1:41.646488189697266, berr2:41.97333908081055
 1058/2000,EPReward: -0.83
Episode 1059/2000, Reward: 2.30, ploss: 5.9853339195251465, aloss:-0.2997988164424896, berr1:42.29824447631836, berr2:41.92331314086914
 1059/2000,EPReward: 2.30
Episode 1060/2000, Reward: -1.41, ploss: 2.718129873275757, aloss:-0.27457404136657715, berr1:44.054988861083984, berr2:45.066410064697266
 1060/2000,EPReward: -1.41
Episode 1061/2000, Reward: 2.03, ploss: 5.719649791717529, aloss:-0.2926172614097595, berr1:44.081077575683594, berr2:43.961727142333984
 1061/2000,EPReward: 2.03
Episode 1062/2000, Reward: 3.19, ploss: 6.736649990081787, aloss:-0.2806263566017151, berr1:45.838035583496094, berr2:46.29546356201172
 1062/2000,EPReward: 3.19
Episode 1063/2000, Reward: 3.61, ploss: 3.1429710388183594, aloss:-0.28188806772232056, berr1:40.58739471435547, berr2:40.65284729003906
 1063/2000,EPReward: 3.61
Episode 1064/2000, Reward: 7.91, ploss: -4.938486576080322, aloss:-0.25758254528045654, berr1:31.664623260498047, berr2:31.62700080871582
 1064/2000,EPReward: 7.91
Episode 1065/2000, Reward: 1.92, ploss: -0.42897987365722656, aloss:-0.2698966860771179, berr1:38.03004455566406, berr2:37.849395751953125
 1065/2000,EPReward: 1.92
Episode 1066/2000, Reward: 1.93, ploss: 4.423034191131592, aloss:-0.28001534938812256, berr1:42.245635986328125, berr2:41.752098083496094
 1066/2000,EPReward: 1.93
Episode 1067/2000, Reward: 2.67, ploss: 0.20734119415283203, aloss:-0.26213589310646057, berr1:35.546546936035156, berr2:34.929466247558594
 1067/2000,EPReward: 2.67
Episode 1068/2000, Reward: 4.69, ploss: 3.3064088821411133, aloss:-0.26564085483551025, berr1:36.45150375366211, berr2:36.830570220947266
 1068/2000,EPReward: 4.69
Episode 1069/2000, Reward: 4.14, ploss: 4.039693355560303, aloss:-0.2624324560165405, berr1:43.44083023071289, berr2:44.29029083251953
 1069/2000,EPReward: 4.14
Episode 1070/2000, Reward: 6.06, ploss: 3.3994596004486084, aloss:-0.24942171573638916, berr1:40.837554931640625, berr2:41.012001037597656
 1070/2000,EPReward: 6.06
Episode 1071/2000, Reward: 1.98, ploss: 2.5978856086730957, aloss:-0.25088727474212646, berr1:40.25947952270508, berr2:40.456329345703125
 1071/2000,EPReward: 1.98
Episode 1072/2000, Reward: 1.75, ploss: 1.1609959602355957, aloss:-0.24240326881408691, berr1:42.92279815673828, berr2:43.31947708129883
 1072/2000,EPReward: 1.75
Episode 1073/2000, Reward: 2.20, ploss: 0.07699501514434814, aloss:-0.24388538300991058, berr1:34.69548416137695, berr2:35.04288101196289
 1073/2000,EPReward: 2.20
Episode 1074/2000, Reward: 3.55, ploss: -2.2547266483306885, aloss:-0.23948195576667786, berr1:36.27459716796875, berr2:36.25
 1074/2000,EPReward: 3.55
Episode 1075/2000, Reward: 1.21, ploss: -1.4117499589920044, aloss:-0.24888941645622253, berr1:37.323486328125, berr2:37.06288528442383
 1075/2000,EPReward: 1.21
Episode 1076/2000, Reward: -0.52, ploss: 0.26087164878845215, aloss:-0.23585359752178192, berr1:38.77798080444336, berr2:38.45072937011719
 1076/2000,EPReward: -0.52
Episode 1077/2000, Reward: -1.01, ploss: 1.5006648302078247, aloss:-0.24028810858726501, berr1:37.795066833496094, berr2:37.37614440917969
 1077/2000,EPReward: -1.01
Episode 1078/2000, Reward: 1.65, ploss: 4.631803512573242, aloss:-0.24751465022563934, berr1:44.132781982421875, berr2:44.637794494628906
 1078/2000,EPReward: 1.65
Episode 1079/2000, Reward: 4.54, ploss: 3.540212631225586, aloss:-0.24799521267414093, berr1:46.0218620300293, berr2:45.7048454284668
 1079/2000,EPReward: 4.54
Episode 1080/2000, Reward: -0.31, ploss: 4.310329437255859, aloss:-0.26032084226608276, berr1:42.80451965332031, berr2:41.667320251464844
 1080/2000,EPReward: -0.31
Episode 1081/2000, Reward: 3.39, ploss: 3.143688201904297, aloss:-0.27809467911720276, berr1:36.225982666015625, berr2:35.92449951171875
 1081/2000,EPReward: 3.39
Episode 1082/2000, Reward: 2.23, ploss: 3.0675714015960693, aloss:-0.27768248319625854, berr1:39.3807373046875, berr2:39.45458221435547
 1082/2000,EPReward: 2.23
Episode 1083/2000, Reward: 1.88, ploss: 0.17691409587860107, aloss:-0.289297491312027, berr1:43.034942626953125, berr2:43.17837142944336
 1083/2000,EPReward: 1.88
Episode 1084/2000, Reward: -0.89, ploss: 1.7252302169799805, aloss:-0.29034745693206787, berr1:36.31959533691406, berr2:35.85234069824219
 1084/2000,EPReward: -0.89
Episode 1085/2000, Reward: 3.78, ploss: -2.3620433807373047, aloss:-0.29683080315589905, berr1:41.66456985473633, berr2:41.569908142089844
 1085/2000,EPReward: 3.78
Episode 1086/2000, Reward: 1.39, ploss: 2.8765392303466797, aloss:-0.3146125376224518, berr1:41.327293395996094, berr2:41.511871337890625
 1086/2000,EPReward: 1.39
Episode 1087/2000, Reward: 4.69, ploss: -0.4343539774417877, aloss:-0.3079230785369873, berr1:32.898475646972656, berr2:32.803348541259766
 1087/2000,EPReward: 4.69
Episode 1088/2000, Reward: -0.46, ploss: 1.3419976234436035, aloss:-0.31114962697029114, berr1:38.30091094970703, berr2:38.79261779785156
 1088/2000,EPReward: -0.46
Episode 1089/2000, Reward: 5.09, ploss: -0.15394538640975952, aloss:-0.3059176802635193, berr1:43.90751266479492, berr2:44.508087158203125
 1089/2000,EPReward: 5.09
Episode 1090/2000, Reward: 4.98, ploss: 6.226476192474365, aloss:-0.3234204947948456, berr1:39.853416442871094, berr2:39.20911407470703
 1090/2000,EPReward: 4.98
Episode 1091/2000, Reward: 3.70, ploss: 8.957923889160156, aloss:-0.32933950424194336, berr1:47.98445129394531, berr2:49.279903411865234
 1091/2000,EPReward: 3.70
Episode 1092/2000, Reward: 3.15, ploss: -0.7614468336105347, aloss:-0.30115634202957153, berr1:39.051361083984375, berr2:39.96971130371094
 1092/2000,EPReward: 3.15
Episode 1093/2000, Reward: 1.51, ploss: 0.08252254128456116, aloss:-0.31005388498306274, berr1:31.896236419677734, berr2:32.23657989501953
 1093/2000,EPReward: 1.51
Episode 1094/2000, Reward: 0.72, ploss: -2.424006223678589, aloss:-0.30716463923454285, berr1:38.818790435791016, berr2:38.44306182861328
 1094/2000,EPReward: 0.72
Episode 1095/2000, Reward: 4.83, ploss: -3.7149808406829834, aloss:-0.3013852834701538, berr1:32.197265625, berr2:31.96215057373047
 1095/2000,EPReward: 4.83
Episode 1096/2000, Reward: 2.23, ploss: -3.393700361251831, aloss:-0.30026018619537354, berr1:34.13485336303711, berr2:34.5184440612793
 1096/2000,EPReward: 2.23
Episode 1097/2000, Reward: 4.87, ploss: 2.0175130367279053, aloss:-0.3087431490421295, berr1:44.23487091064453, berr2:44.823001861572266
 1097/2000,EPReward: 4.87
Episode 1098/2000, Reward: 2.33, ploss: 2.395143985748291, aloss:-0.30883926153182983, berr1:40.309837341308594, berr2:41.108612060546875
 1098/2000,EPReward: 2.33
Episode 1099/2000, Reward: 3.28, ploss: 0.8473394513130188, aloss:-0.3188043236732483, berr1:36.576568603515625, berr2:37.00687026977539
 1099/2000,EPReward: 3.28
Episode 1100/2000, Reward: 2.48, ploss: 3.570267677307129, aloss:-0.34468045830726624, berr1:38.63071060180664, berr2:38.167301177978516
 1100/2000,EPReward: 2.48
Saved checkpoint at episode 1100
Episode 1101/2000, Reward: -0.91, ploss: 3.6851015090942383, aloss:-0.37061092257499695, berr1:45.936946868896484, berr2:45.191123962402344
 1101/2000,EPReward: -0.91
Episode 1102/2000, Reward: 2.26, ploss: -3.7758874893188477, aloss:-0.38692110776901245, berr1:32.09082794189453, berr2:32.474605560302734
 1102/2000,EPReward: 2.26
Episode 1103/2000, Reward: 2.20, ploss: -0.8695520758628845, aloss:-0.3883376121520996, berr1:33.779052734375, berr2:33.7834358215332
 1103/2000,EPReward: 2.20
Episode 1104/2000, Reward: 3.65, ploss: -3.8610520362854004, aloss:-0.35135120153427124, berr1:37.077388763427734, berr2:36.78671646118164
 1104/2000,EPReward: 3.65
Episode 1105/2000, Reward: -0.28, ploss: -4.646979808807373, aloss:-0.31647759675979614, berr1:45.18108367919922, berr2:46.02981948852539
 1105/2000,EPReward: -0.28
Episode 1106/2000, Reward: 1.41, ploss: 2.4558634757995605, aloss:-0.3028830885887146, berr1:39.228485107421875, berr2:40.17061233520508
 1106/2000,EPReward: 1.41
Episode 1107/2000, Reward: 5.34, ploss: 0.233628511428833, aloss:-0.2704891860485077, berr1:34.799095153808594, berr2:35.54075622558594
 1107/2000,EPReward: 5.34
Episode 1108/2000, Reward: 1.91, ploss: -0.1137380599975586, aloss:-0.2674252390861511, berr1:37.08283996582031, berr2:37.67451477050781
 1108/2000,EPReward: 1.91
Episode 1109/2000, Reward: 2.49, ploss: -0.3721305727958679, aloss:-0.2720225751399994, berr1:33.416378021240234, berr2:32.780921936035156
 1109/2000,EPReward: 2.49
Episode 1110/2000, Reward: 2.17, ploss: 1.6153934001922607, aloss:-0.3041573166847229, berr1:38.2984733581543, berr2:38.89287567138672
 1110/2000,EPReward: 2.17
Episode 1111/2000, Reward: -0.24, ploss: -1.7784689664840698, aloss:-0.30710268020629883, berr1:38.16350173950195, berr2:38.77333068847656
 1111/2000,EPReward: -0.24
Episode 1112/2000, Reward: 2.51, ploss: -2.928614616394043, aloss:-0.32841062545776367, berr1:37.103004455566406, berr2:37.120906829833984
 1112/2000,EPReward: 2.51
Episode 1113/2000, Reward: 1.54, ploss: -0.031432390213012695, aloss:-0.33410370349884033, berr1:43.05279541015625, berr2:43.41490173339844
 1113/2000,EPReward: 1.54
Episode 1114/2000, Reward: 3.34, ploss: -3.423598051071167, aloss:-0.3151819407939911, berr1:38.15005874633789, berr2:38.39552688598633
 1114/2000,EPReward: 3.34
Episode 1115/2000, Reward: 7.02, ploss: -5.606672763824463, aloss:-0.3016700744628906, berr1:40.5126953125, berr2:40.39862060546875
 1115/2000,EPReward: 7.02
Episode 1116/2000, Reward: -0.98, ploss: 3.0965824127197266, aloss:-0.29072535037994385, berr1:43.578731536865234, berr2:44.845863342285156
 1116/2000,EPReward: -0.98
Episode 1117/2000, Reward: 3.81, ploss: -6.943081378936768, aloss:-0.242386594414711, berr1:32.64552307128906, berr2:32.108543395996094
 1117/2000,EPReward: 3.81
Episode 1118/2000, Reward: 0.17, ploss: -2.0361826419830322, aloss:-0.25878435373306274, berr1:35.273372650146484, berr2:34.739898681640625
 1118/2000,EPReward: 0.17
Episode 1119/2000, Reward: 1.27, ploss: 3.6469197273254395, aloss:-0.267291784286499, berr1:39.97310256958008, berr2:40.50342559814453
 1119/2000,EPReward: 1.27
Episode 1120/2000, Reward: 3.41, ploss: -1.4766498804092407, aloss:-0.24301955103874207, berr1:30.82622528076172, berr2:31.514060974121094
 1120/2000,EPReward: 3.41
Episode 1121/2000, Reward: 0.83, ploss: -2.532932996749878, aloss:-0.2490796446800232, berr1:34.66508102416992, berr2:35.406410217285156
 1121/2000,EPReward: 0.83
Episode 1122/2000, Reward: 1.19, ploss: -4.351670265197754, aloss:-0.24479524791240692, berr1:30.603086471557617, berr2:30.45554542541504
 1122/2000,EPReward: 1.19
Episode 1123/2000, Reward: 4.46, ploss: -1.3061459064483643, aloss:-0.2514955401420593, berr1:35.366477966308594, berr2:34.400081634521484
 1123/2000,EPReward: 4.46
Episode 1124/2000, Reward: 2.22, ploss: -1.643765926361084, aloss:-0.2509954571723938, berr1:38.66335678100586, berr2:38.82750701904297
 1124/2000,EPReward: 2.22
Episode 1125/2000, Reward: 5.13, ploss: -6.206662178039551, aloss:-0.25906285643577576, berr1:40.543121337890625, berr2:39.69689178466797
 1125/2000,EPReward: 5.13
Episode 1126/2000, Reward: 2.21, ploss: -3.0132625102996826, aloss:-0.2706347703933716, berr1:30.951414108276367, berr2:30.315963745117188
 1126/2000,EPReward: 2.21
Episode 1127/2000, Reward: 1.47, ploss: 1.1283423900604248, aloss:-0.28714829683303833, berr1:37.243309020996094, berr2:37.01617431640625
 1127/2000,EPReward: 1.47
Episode 1128/2000, Reward: 0.44, ploss: -3.5062217712402344, aloss:-0.27776286005973816, berr1:35.85804748535156, berr2:35.811405181884766
 1128/2000,EPReward: 0.44
Episode 1129/2000, Reward: 0.04, ploss: 1.043898344039917, aloss:-0.2829850912094116, berr1:42.886505126953125, berr2:43.017024993896484
 1129/2000,EPReward: 0.04
Episode 1130/2000, Reward: 5.44, ploss: -0.4489249587059021, aloss:-0.286908358335495, berr1:42.7021369934082, berr2:42.88838195800781
 1130/2000,EPReward: 5.44
Episode 1131/2000, Reward: 4.24, ploss: -4.1925764083862305, aloss:-0.3037809729576111, berr1:34.93143081665039, berr2:35.423343658447266
 1131/2000,EPReward: 4.24
Episode 1132/2000, Reward: 0.48, ploss: -0.6126675605773926, aloss:-0.30737078189849854, berr1:40.35043716430664, berr2:40.45316696166992
 1132/2000,EPReward: 0.48
Episode 1133/2000, Reward: 1.27, ploss: -0.6382254958152771, aloss:-0.33296242356300354, berr1:38.336631774902344, berr2:37.304683685302734
 1133/2000,EPReward: 1.27
Episode 1134/2000, Reward: 0.40, ploss: 2.2722620964050293, aloss:-0.3453320860862732, berr1:42.67845153808594, berr2:42.62184524536133
 1134/2000,EPReward: 0.40
Episode 1135/2000, Reward: 0.78, ploss: -6.6691155433654785, aloss:-0.31959787011146545, berr1:30.558637619018555, berr2:30.91287612915039
 1135/2000,EPReward: 0.78
Episode 1136/2000, Reward: 2.42, ploss: -2.7403626441955566, aloss:-0.32370495796203613, berr1:36.854793548583984, berr2:36.62248611450195
 1136/2000,EPReward: 2.42
Episode 1137/2000, Reward: 6.42, ploss: -3.885765552520752, aloss:-0.3008731007575989, berr1:42.10077667236328, berr2:42.50677490234375
 1137/2000,EPReward: 6.42
Episode 1138/2000, Reward: -0.61, ploss: -3.842888355255127, aloss:-0.27836090326309204, berr1:39.7683219909668, berr2:39.49456787109375
 1138/2000,EPReward: -0.61
Episode 1139/2000, Reward: 1.25, ploss: -7.919726371765137, aloss:-0.24592341482639313, berr1:30.182931900024414, berr2:30.103681564331055
 1139/2000,EPReward: 1.25
Episode 1140/2000, Reward: 4.81, ploss: -1.3312078714370728, aloss:-0.24842560291290283, berr1:41.1976318359375, berr2:41.361595153808594
 1140/2000,EPReward: 4.81
Episode 1141/2000, Reward: 2.93, ploss: -1.5014736652374268, aloss:-0.23252376914024353, berr1:37.79749298095703, berr2:38.21778869628906
 1141/2000,EPReward: 2.93
Episode 1142/2000, Reward: 1.68, ploss: -8.081999778747559, aloss:-0.2110610455274582, berr1:32.824127197265625, berr2:32.924747467041016
 1142/2000,EPReward: 1.68
Episode 1143/2000, Reward: 5.91, ploss: 0.4057738780975342, aloss:-0.2143874168395996, berr1:40.23778533935547, berr2:39.75401306152344
 1143/2000,EPReward: 5.91
Episode 1144/2000, Reward: 2.66, ploss: -5.806879043579102, aloss:-0.20260564982891083, berr1:36.69371795654297, berr2:36.72795867919922
 1144/2000,EPReward: 2.66
Episode 1145/2000, Reward: 0.09, ploss: 1.316931962966919, aloss:-0.2296328991651535, berr1:33.092811584472656, berr2:33.4804573059082
 1145/2000,EPReward: 0.09
Episode 1146/2000, Reward: -1.47, ploss: -4.968221187591553, aloss:-0.21763725578784943, berr1:27.879653930664062, berr2:28.41472625732422
 1146/2000,EPReward: -1.47
Episode 1147/2000, Reward: 5.23, ploss: -5.672624588012695, aloss:-0.22668400406837463, berr1:33.12250518798828, berr2:33.581825256347656
 1147/2000,EPReward: 5.23
Episode 1148/2000, Reward: 1.05, ploss: -3.868342638015747, aloss:-0.25254905223846436, berr1:33.67831802368164, berr2:33.65573501586914
 1148/2000,EPReward: 1.05
Episode 1149/2000, Reward: 3.52, ploss: -7.2864532470703125, aloss:-0.24056695401668549, berr1:36.806373596191406, berr2:37.11776351928711
 1149/2000,EPReward: 3.52
Episode 1150/2000, Reward: 0.57, ploss: -2.4566476345062256, aloss:-0.26916301250457764, berr1:47.45956802368164, berr2:48.27995681762695
 1150/2000,EPReward: 0.57
Episode 1151/2000, Reward: 1.98, ploss: 1.917953372001648, aloss:-0.29462388157844543, berr1:46.720035552978516, berr2:46.65464782714844
 1151/2000,EPReward: 1.98
Episode 1152/2000, Reward: 1.86, ploss: -5.402559757232666, aloss:-0.29472261667251587, berr1:29.800296783447266, berr2:29.991008758544922
 1152/2000,EPReward: 1.86
Episode 1153/2000, Reward: 2.91, ploss: -2.429924488067627, aloss:-0.3052430748939514, berr1:39.94796371459961, berr2:40.3655891418457
 1153/2000,EPReward: 2.91
Episode 1154/2000, Reward: 0.54, ploss: -2.3409063816070557, aloss:-0.3297409415245056, berr1:43.048736572265625, berr2:42.69123077392578
 1154/2000,EPReward: 0.54
Episode 1155/2000, Reward: 1.37, ploss: -9.885108947753906, aloss:-0.33572715520858765, berr1:32.934566497802734, berr2:33.01111602783203
 1155/2000,EPReward: 1.37
Episode 1156/2000, Reward: 0.07, ploss: -0.7001545429229736, aloss:-0.3601232171058655, berr1:38.6627197265625, berr2:37.993526458740234
 1156/2000,EPReward: 0.07
Episode 1157/2000, Reward: 2.08, ploss: -10.237051963806152, aloss:-0.3525305986404419, berr1:36.60287094116211, berr2:35.38273239135742
 1157/2000,EPReward: 2.08
Episode 1158/2000, Reward: 4.29, ploss: -8.609319686889648, aloss:-0.33612895011901855, berr1:45.0117073059082, berr2:45.59821701049805
 1158/2000,EPReward: 4.29
Episode 1159/2000, Reward: 2.21, ploss: -5.423973083496094, aloss:-0.3422781825065613, berr1:35.643951416015625, berr2:35.699989318847656
 1159/2000,EPReward: 2.21
Episode 1160/2000, Reward: 2.72, ploss: -0.1464964747428894, aloss:-0.35046571493148804, berr1:38.38941192626953, berr2:38.350494384765625
 1160/2000,EPReward: 2.72
Episode 1161/2000, Reward: 1.18, ploss: -3.5867371559143066, aloss:-0.32833588123321533, berr1:31.249670028686523, berr2:31.529438018798828
 1161/2000,EPReward: 1.18
Episode 1162/2000, Reward: 6.90, ploss: -1.3477783203125, aloss:-0.32709217071533203, berr1:40.897926330566406, berr2:40.97408676147461
 1162/2000,EPReward: 6.90
Episode 1163/2000, Reward: 2.53, ploss: 0.277738094329834, aloss:-0.3077741265296936, berr1:37.579647064208984, berr2:38.506446838378906
 1163/2000,EPReward: 2.53
Episode 1164/2000, Reward: 1.93, ploss: -4.713494300842285, aloss:-0.30119937658309937, berr1:29.040328979492188, berr2:29.404184341430664
 1164/2000,EPReward: 1.93
Episode 1165/2000, Reward: 4.86, ploss: -6.067134380340576, aloss:-0.2952140271663666, berr1:47.45825958251953, berr2:46.570556640625
 1165/2000,EPReward: 4.86
Episode 1166/2000, Reward: 2.57, ploss: -8.539170265197754, aloss:-0.28399795293807983, berr1:35.911651611328125, berr2:36.06439971923828
 1166/2000,EPReward: 2.57
Episode 1167/2000, Reward: 2.33, ploss: -4.527754783630371, aloss:-0.2747703790664673, berr1:36.17218780517578, berr2:36.764461517333984
 1167/2000,EPReward: 2.33
Episode 1168/2000, Reward: 1.65, ploss: -3.814218521118164, aloss:-0.28349849581718445, berr1:34.509437561035156, berr2:35.055538177490234
 1168/2000,EPReward: 1.65
Episode 1169/2000, Reward: -1.06, ploss: -0.7843263745307922, aloss:-0.29224175214767456, berr1:38.644744873046875, berr2:39.21712112426758
 1169/2000,EPReward: -1.06
Episode 1170/2000, Reward: 1.93, ploss: -3.317279815673828, aloss:-0.2937873303890228, berr1:34.882389068603516, berr2:34.74728012084961
 1170/2000,EPReward: 1.93
Episode 1171/2000, Reward: -1.64, ploss: -3.038633346557617, aloss:-0.3069513440132141, berr1:32.87940979003906, berr2:32.75990295410156
 1171/2000,EPReward: -1.64
Episode 1172/2000, Reward: 2.62, ploss: -0.5311026573181152, aloss:-0.33746445178985596, berr1:33.29636764526367, berr2:33.8541145324707
 1172/2000,EPReward: 2.62
Episode 1173/2000, Reward: -1.79, ploss: -6.223013401031494, aloss:-0.34203672409057617, berr1:39.11750793457031, berr2:39.106842041015625
 1173/2000,EPReward: -1.79
Episode 1174/2000, Reward: 2.21, ploss: -3.3718245029449463, aloss:-0.36285683512687683, berr1:39.57553482055664, berr2:39.3216667175293
 1174/2000,EPReward: 2.21
Episode 1175/2000, Reward: 1.76, ploss: -7.325588703155518, aloss:-0.36496371030807495, berr1:44.14414978027344, berr2:44.09669494628906
 1175/2000,EPReward: 1.76
Episode 1176/2000, Reward: 1.04, ploss: -7.299445152282715, aloss:-0.368274450302124, berr1:31.762676239013672, berr2:31.7040958404541
 1176/2000,EPReward: 1.04
Episode 1177/2000, Reward: 3.44, ploss: -4.65101957321167, aloss:-0.36981239914894104, berr1:34.13833999633789, berr2:33.78672409057617
 1177/2000,EPReward: 3.44
Episode 1178/2000, Reward: -0.38, ploss: -8.949594497680664, aloss:-0.3426348865032196, berr1:24.751554489135742, berr2:24.98674774169922
 1178/2000,EPReward: -0.38
Episode 1179/2000, Reward: 5.61, ploss: -6.504989147186279, aloss:-0.34559953212738037, berr1:31.073177337646484, berr2:31.1835994720459
 1179/2000,EPReward: 5.61
Episode 1180/2000, Reward: 3.95, ploss: -4.343131065368652, aloss:-0.35079967975616455, berr1:41.99846267700195, berr2:41.76148986816406
 1180/2000,EPReward: 3.95
Episode 1181/2000, Reward: 0.52, ploss: -5.667460918426514, aloss:-0.34315329790115356, berr1:35.12733840942383, berr2:35.13347244262695
 1181/2000,EPReward: 0.52
Episode 1182/2000, Reward: 0.48, ploss: -10.329811096191406, aloss:-0.2979978024959564, berr1:32.85797882080078, berr2:33.3442268371582
 1182/2000,EPReward: 0.48
Episode 1183/2000, Reward: 5.51, ploss: -6.271610260009766, aloss:-0.32355013489723206, berr1:38.70146942138672, berr2:38.151039123535156
 1183/2000,EPReward: 5.51
Episode 1184/2000, Reward: 2.84, ploss: -6.3412394523620605, aloss:-0.29812926054000854, berr1:38.16031265258789, berr2:38.17010498046875
 1184/2000,EPReward: 2.84
Episode 1185/2000, Reward: -0.74, ploss: -9.116073608398438, aloss:-0.32335472106933594, berr1:38.58866882324219, berr2:38.82421875
 1185/2000,EPReward: -0.74
Episode 1186/2000, Reward: 3.63, ploss: -7.128742218017578, aloss:-0.3385089635848999, berr1:31.769563674926758, berr2:31.782590866088867
 1186/2000,EPReward: 3.63
Episode 1187/2000, Reward: -0.32, ploss: -2.062586784362793, aloss:-0.3669772446155548, berr1:38.26667404174805, berr2:38.4422492980957
 1187/2000,EPReward: -0.32
Episode 1188/2000, Reward: 5.57, ploss: -6.263058185577393, aloss:-0.3617219626903534, berr1:39.20226287841797, berr2:39.72522735595703
 1188/2000,EPReward: 5.57
Episode 1189/2000, Reward: 2.22, ploss: -8.502018928527832, aloss:-0.3634045720100403, berr1:33.45043182373047, berr2:33.80514907836914
 1189/2000,EPReward: 2.22
Episode 1190/2000, Reward: 4.95, ploss: -1.4282302856445312, aloss:-0.3747694790363312, berr1:37.70927810668945, berr2:38.15644454956055
 1190/2000,EPReward: 4.95
Episode 1191/2000, Reward: 4.76, ploss: -8.803924560546875, aloss:-0.34651249647140503, berr1:34.40502166748047, berr2:34.48649978637695
 1191/2000,EPReward: 4.76
Episode 1192/2000, Reward: 5.68, ploss: -5.734492778778076, aloss:-0.35322239995002747, berr1:28.865589141845703, berr2:28.57420539855957
 1192/2000,EPReward: 5.68
Episode 1193/2000, Reward: 1.19, ploss: -9.075780868530273, aloss:-0.3500021994113922, berr1:33.84370803833008, berr2:34.21932601928711
 1193/2000,EPReward: 1.19
Episode 1194/2000, Reward: 1.31, ploss: -8.117192268371582, aloss:-0.358200341463089, berr1:34.03627014160156, berr2:34.562496185302734
 1194/2000,EPReward: 1.31
Episode 1195/2000, Reward: 1.66, ploss: -1.926087498664856, aloss:-0.39778244495391846, berr1:37.32529067993164, berr2:37.76057434082031
 1195/2000,EPReward: 1.66
Episode 1196/2000, Reward: 3.59, ploss: -11.442618370056152, aloss:-0.36117997765541077, berr1:39.366065979003906, berr2:39.131771087646484
 1196/2000,EPReward: 3.59
Episode 1197/2000, Reward: 3.81, ploss: -4.361233711242676, aloss:-0.40654000639915466, berr1:31.97820281982422, berr2:31.96807289123535
 1197/2000,EPReward: 3.81
Episode 1198/2000, Reward: 0.54, ploss: -5.2437286376953125, aloss:-0.3931894600391388, berr1:35.2850227355957, berr2:34.72571563720703
 1198/2000,EPReward: 0.54
Episode 1199/2000, Reward: 0.54, ploss: -12.26204776763916, aloss:-0.3513495922088623, berr1:33.8319206237793, berr2:34.786224365234375
 1199/2000,EPReward: 0.54
Episode 1200/2000, Reward: -0.52, ploss: -13.15351390838623, aloss:-0.3257485032081604, berr1:32.026336669921875, berr2:33.014320373535156
 1200/2000,EPReward: -0.52
Saved checkpoint at episode 1200
Episode 1201/2000, Reward: 1.42, ploss: -9.257989883422852, aloss:-0.32141193747520447, berr1:34.571128845214844, berr2:35.450439453125
 1201/2000,EPReward: 1.42
Episode 1202/2000, Reward: 3.24, ploss: -12.81651496887207, aloss:-0.279362291097641, berr1:35.72418975830078, berr2:36.09339904785156
 1202/2000,EPReward: 3.24
Episode 1203/2000, Reward: 3.11, ploss: -9.091236114501953, aloss:-0.27753445506095886, berr1:37.8548583984375, berr2:38.218074798583984
 1203/2000,EPReward: 3.11
Episode 1204/2000, Reward: 1.55, ploss: -1.0435571670532227, aloss:-0.30578723549842834, berr1:41.52165603637695, berr2:42.09519577026367
 1204/2000,EPReward: 1.55
Episode 1205/2000, Reward: 1.76, ploss: -4.549374580383301, aloss:-0.3040215075016022, berr1:34.283851623535156, berr2:35.19598388671875
 1205/2000,EPReward: 1.76
Episode 1206/2000, Reward: 5.28, ploss: -2.26829195022583, aloss:-0.3304518461227417, berr1:42.394691467285156, berr2:42.011375427246094
 1206/2000,EPReward: 5.28
Episode 1207/2000, Reward: 3.21, ploss: -9.288983345031738, aloss:-0.309712678194046, berr1:39.33773422241211, berr2:39.48195266723633
 1207/2000,EPReward: 3.21
Episode 1208/2000, Reward: 3.90, ploss: -6.2794060707092285, aloss:-0.32687100768089294, berr1:34.45524597167969, berr2:34.3576545715332
 1208/2000,EPReward: 3.90
Episode 1209/2000, Reward: 2.05, ploss: -5.8015456199646, aloss:-0.32931771874427795, berr1:35.271873474121094, berr2:35.075191497802734
 1209/2000,EPReward: 2.05
Episode 1210/2000, Reward: 3.05, ploss: -7.271016597747803, aloss:-0.32644641399383545, berr1:40.85341262817383, berr2:41.555904388427734
 1210/2000,EPReward: 3.05
Episode 1211/2000, Reward: 0.21, ploss: -11.000611305236816, aloss:-0.3153804838657379, berr1:41.970550537109375, berr2:41.967559814453125
 1211/2000,EPReward: 0.21
Episode 1212/2000, Reward: -0.33, ploss: -9.415619850158691, aloss:-0.3186282813549042, berr1:27.373701095581055, berr2:27.321664810180664
 1212/2000,EPReward: -0.33
Episode 1213/2000, Reward: 7.77, ploss: -7.020893573760986, aloss:-0.3103698492050171, berr1:37.20731735229492, berr2:37.49810028076172
 1213/2000,EPReward: 7.77
Episode 1214/2000, Reward: 2.28, ploss: -7.8338518142700195, aloss:-0.32588571310043335, berr1:34.315643310546875, berr2:35.19239044189453
 1214/2000,EPReward: 2.28
Episode 1215/2000, Reward: 3.59, ploss: -7.121811389923096, aloss:-0.33494389057159424, berr1:37.00067138671875, berr2:37.05070495605469
 1215/2000,EPReward: 3.59
Episode 1216/2000, Reward: 5.73, ploss: -13.87332534790039, aloss:-0.3146207928657532, berr1:28.994138717651367, berr2:29.435104370117188
 1216/2000,EPReward: 5.73
Episode 1217/2000, Reward: 4.82, ploss: -10.253470420837402, aloss:-0.3289424479007721, berr1:29.13046646118164, berr2:29.051593780517578
 1217/2000,EPReward: 4.82
Episode 1218/2000, Reward: 1.20, ploss: -8.894172668457031, aloss:-0.3320888876914978, berr1:31.384952545166016, berr2:30.75957489013672
 1218/2000,EPReward: 1.20
Episode 1219/2000, Reward: 6.39, ploss: -6.811624050140381, aloss:-0.30817514657974243, berr1:37.51176452636719, berr2:37.56942367553711
 1219/2000,EPReward: 6.39
Episode 1220/2000, Reward: 2.76, ploss: -10.070785522460938, aloss:-0.26810288429260254, berr1:41.67692947387695, berr2:42.76923370361328
 1220/2000,EPReward: 2.76
Episode 1221/2000, Reward: 1.62, ploss: -9.853585243225098, aloss:-0.26258713006973267, berr1:26.890029907226562, berr2:26.844024658203125
 1221/2000,EPReward: 1.62
Episode 1222/2000, Reward: 1.33, ploss: -6.313612937927246, aloss:-0.23107267916202545, berr1:34.01850128173828, berr2:34.87525177001953
 1222/2000,EPReward: 1.33
Episode 1223/2000, Reward: 3.01, ploss: -1.023818016052246, aloss:-0.25683027505874634, berr1:35.624427795410156, berr2:35.954647064208984
 1223/2000,EPReward: 3.01
Episode 1224/2000, Reward: 2.76, ploss: -11.185287475585938, aloss:-0.22105713188648224, berr1:30.09946632385254, berr2:31.099950790405273
 1224/2000,EPReward: 2.76
Episode 1225/2000, Reward: 1.62, ploss: -14.846839904785156, aloss:-0.21976159512996674, berr1:31.109683990478516, berr2:30.899076461791992
 1225/2000,EPReward: 1.62
Episode 1226/2000, Reward: 5.56, ploss: -11.352686882019043, aloss:-0.21268409490585327, berr1:40.84564971923828, berr2:40.9722900390625
 1226/2000,EPReward: 5.56
Episode 1227/2000, Reward: 1.58, ploss: -8.032258033752441, aloss:-0.22687774896621704, berr1:28.118160247802734, berr2:28.37250518798828
 1227/2000,EPReward: 1.58
Episode 1228/2000, Reward: 2.60, ploss: -8.225571632385254, aloss:-0.2374376356601715, berr1:33.2010612487793, berr2:33.94050979614258
 1228/2000,EPReward: 2.60
Episode 1229/2000, Reward: 4.79, ploss: -15.007911682128906, aloss:-0.224953293800354, berr1:31.37919807434082, berr2:32.15037536621094
 1229/2000,EPReward: 4.79
Episode 1230/2000, Reward: 4.65, ploss: -9.420654296875, aloss:-0.2575281858444214, berr1:31.343807220458984, berr2:31.27440643310547
 1230/2000,EPReward: 4.65
Episode 1231/2000, Reward: 5.38, ploss: -7.749932765960693, aloss:-0.2804091274738312, berr1:35.45737075805664, berr2:35.61518859863281
 1231/2000,EPReward: 5.38
Episode 1232/2000, Reward: -0.24, ploss: -5.395214080810547, aloss:-0.3254798650741577, berr1:36.8728141784668, berr2:37.332313537597656
 1232/2000,EPReward: -0.24
Episode 1233/2000, Reward: 2.00, ploss: -13.834118843078613, aloss:-0.3214816153049469, berr1:40.192230224609375, berr2:40.609432220458984
 1233/2000,EPReward: 2.00
Episode 1234/2000, Reward: 5.40, ploss: -9.817187309265137, aloss:-0.3718245327472687, berr1:30.476985931396484, berr2:30.803682327270508
 1234/2000,EPReward: 5.40
Episode 1235/2000, Reward: 5.28, ploss: -8.906067848205566, aloss:-0.3937162458896637, berr1:38.338985443115234, berr2:38.06406784057617
 1235/2000,EPReward: 5.28
Episode 1236/2000, Reward: -0.45, ploss: -5.53918981552124, aloss:-0.4083629548549652, berr1:38.21355438232422, berr2:38.931251525878906
 1236/2000,EPReward: -0.45
Episode 1237/2000, Reward: 3.79, ploss: -9.826918601989746, aloss:-0.379416286945343, berr1:44.56716537475586, berr2:44.56568145751953
 1237/2000,EPReward: 3.79
Episode 1238/2000, Reward: 4.33, ploss: -5.939177513122559, aloss:-0.3716453015804291, berr1:35.794681549072266, berr2:36.17430877685547
 1238/2000,EPReward: 4.33
Episode 1239/2000, Reward: -0.48, ploss: -7.132341384887695, aloss:-0.3519754409790039, berr1:37.23501205444336, berr2:37.42463302612305
 1239/2000,EPReward: -0.48
Episode 1240/2000, Reward: 0.64, ploss: -9.24979305267334, aloss:-0.324726939201355, berr1:39.19900894165039, berr2:38.939640045166016
 1240/2000,EPReward: 0.64
Episode 1241/2000, Reward: 1.82, ploss: -12.718626022338867, aloss:-0.3082808256149292, berr1:29.97626495361328, berr2:30.417591094970703
 1241/2000,EPReward: 1.82
Episode 1242/2000, Reward: 0.50, ploss: -8.64312744140625, aloss:-0.3115442395210266, berr1:35.81885528564453, berr2:36.095516204833984
 1242/2000,EPReward: 0.50
Episode 1243/2000, Reward: 1.13, ploss: -11.837221145629883, aloss:-0.31152790784835815, berr1:32.806396484375, berr2:32.8649787902832
 1243/2000,EPReward: 1.13
Episode 1244/2000, Reward: 2.38, ploss: -8.162826538085938, aloss:-0.3197849988937378, berr1:32.95286178588867, berr2:33.0700569152832
 1244/2000,EPReward: 2.38
Episode 1245/2000, Reward: -0.76, ploss: -17.944869995117188, aloss:-0.3044387400150299, berr1:27.876195907592773, berr2:28.315305709838867
 1245/2000,EPReward: -0.76
Episode 1246/2000, Reward: 5.12, ploss: -14.246614456176758, aloss:-0.31595921516418457, berr1:30.22402572631836, berr2:30.025772094726562
 1246/2000,EPReward: 5.12
Episode 1247/2000, Reward: 3.59, ploss: -13.289887428283691, aloss:-0.30744490027427673, berr1:28.653697967529297, berr2:29.093517303466797
 1247/2000,EPReward: 3.59
Episode 1248/2000, Reward: 4.20, ploss: -12.281922340393066, aloss:-0.302945077419281, berr1:33.72880554199219, berr2:33.50690841674805
 1248/2000,EPReward: 4.20
Episode 1249/2000, Reward: 1.08, ploss: -10.34154224395752, aloss:-0.3052142858505249, berr1:33.7650032043457, berr2:32.89878463745117
 1249/2000,EPReward: 1.08
Episode 1250/2000, Reward: -0.93, ploss: -16.040342330932617, aloss:-0.2807290852069855, berr1:29.16888427734375, berr2:29.438255310058594
 1250/2000,EPReward: -0.93
Episode 1251/2000, Reward: -0.11, ploss: -9.58984088897705, aloss:-0.27919676899909973, berr1:28.386272430419922, berr2:28.227365493774414
 1251/2000,EPReward: -0.11
Episode 1252/2000, Reward: 1.05, ploss: -7.38455867767334, aloss:-0.27869313955307007, berr1:35.323787689208984, berr2:35.17323684692383
 1252/2000,EPReward: 1.05
Episode 1253/2000, Reward: 1.50, ploss: -6.19426155090332, aloss:-0.2808128297328949, berr1:34.253421783447266, berr2:34.36842727661133
 1253/2000,EPReward: 1.50
Episode 1254/2000, Reward: 1.11, ploss: -6.909255504608154, aloss:-0.27061495184898376, berr1:37.71341323852539, berr2:37.74946975708008
 1254/2000,EPReward: 1.11
Episode 1255/2000, Reward: 2.21, ploss: -9.219407081604004, aloss:-0.2504979074001312, berr1:37.009986877441406, berr2:36.80366516113281
 1255/2000,EPReward: 2.21
Episode 1256/2000, Reward: 1.56, ploss: -12.21514892578125, aloss:-0.2308064103126526, berr1:27.419469833374023, berr2:26.6915225982666
 1256/2000,EPReward: 1.56
Episode 1257/2000, Reward: 0.89, ploss: -4.3861284255981445, aloss:-0.24861623346805573, berr1:38.86847686767578, berr2:38.5754280090332
 1257/2000,EPReward: 0.89
Episode 1258/2000, Reward: 0.99, ploss: -14.335845947265625, aloss:-0.1943681836128235, berr1:32.614830017089844, berr2:32.81691360473633
 1258/2000,EPReward: 0.99
Episode 1259/2000, Reward: 5.62, ploss: -7.018866062164307, aloss:-0.20743662118911743, berr1:32.697113037109375, berr2:32.82333755493164
 1259/2000,EPReward: 5.62
Episode 1260/2000, Reward: 4.95, ploss: -3.9825000762939453, aloss:-0.22606796026229858, berr1:31.024194717407227, berr2:30.579206466674805
 1260/2000,EPReward: 4.95
Episode 1261/2000, Reward: 2.66, ploss: -13.864386558532715, aloss:-0.17103736102581024, berr1:30.4891357421875, berr2:31.240215301513672
 1261/2000,EPReward: 2.66
Episode 1262/2000, Reward: 0.38, ploss: -7.56309700012207, aloss:-0.19069969654083252, berr1:34.0684928894043, berr2:33.925682067871094
 1262/2000,EPReward: 0.38
Episode 1263/2000, Reward: 6.11, ploss: -12.71259880065918, aloss:-0.1672269105911255, berr1:31.089893341064453, berr2:31.066303253173828
 1263/2000,EPReward: 6.11
Episode 1264/2000, Reward: 2.20, ploss: -9.941436767578125, aloss:-0.17496420443058014, berr1:37.53725814819336, berr2:37.734622955322266
 1264/2000,EPReward: 2.20
Episode 1265/2000, Reward: 4.16, ploss: -7.832958698272705, aloss:-0.17865118384361267, berr1:31.741891860961914, berr2:32.410221099853516
 1265/2000,EPReward: 4.16
Episode 1266/2000, Reward: 1.93, ploss: -5.292218208312988, aloss:-0.19947686791419983, berr1:44.067501068115234, berr2:43.91878128051758
 1266/2000,EPReward: 1.93
Episode 1267/2000, Reward: 3.82, ploss: -11.787726402282715, aloss:-0.18816711008548737, berr1:27.402462005615234, berr2:26.95693016052246
 1267/2000,EPReward: 3.82
Episode 1268/2000, Reward: 5.59, ploss: -10.654149055480957, aloss:-0.19313552975654602, berr1:28.51267433166504, berr2:28.077529907226562
 1268/2000,EPReward: 5.59
Episode 1269/2000, Reward: 4.80, ploss: -18.69822883605957, aloss:-0.18727430701255798, berr1:25.413192749023438, berr2:25.115415573120117
 1269/2000,EPReward: 4.80
Episode 1270/2000, Reward: 4.41, ploss: -13.785147666931152, aloss:-0.20073094964027405, berr1:35.79432678222656, berr2:36.11549377441406
 1270/2000,EPReward: 4.41
Episode 1271/2000, Reward: 0.52, ploss: -18.528024673461914, aloss:-0.2037597894668579, berr1:27.058948516845703, berr2:26.587791442871094
 1271/2000,EPReward: 0.52
Episode 1272/2000, Reward: 5.65, ploss: -16.64359474182129, aloss:-0.21697349846363068, berr1:42.84558868408203, berr2:43.038902282714844
 1272/2000,EPReward: 5.65
Episode 1273/2000, Reward: 5.13, ploss: -10.305052757263184, aloss:-0.2370147705078125, berr1:30.59377670288086, berr2:30.344566345214844
 1273/2000,EPReward: 5.13
Episode 1274/2000, Reward: 3.22, ploss: -17.14817237854004, aloss:-0.23029612004756927, berr1:25.07425880432129, berr2:24.89582061767578
 1274/2000,EPReward: 3.22
Episode 1275/2000, Reward: -1.33, ploss: -12.745672225952148, aloss:-0.2515847086906433, berr1:28.803329467773438, berr2:28.496313095092773
 1275/2000,EPReward: -1.33
Episode 1276/2000, Reward: 1.91, ploss: -11.679527282714844, aloss:-0.2533510625362396, berr1:37.343162536621094, berr2:36.49299621582031
 1276/2000,EPReward: 1.91
Episode 1277/2000, Reward: 2.15, ploss: -11.238512992858887, aloss:-0.2581338584423065, berr1:34.82601547241211, berr2:34.263214111328125
 1277/2000,EPReward: 2.15
Episode 1278/2000, Reward: 4.96, ploss: -14.547598838806152, aloss:-0.26053157448768616, berr1:29.68798828125, berr2:29.699617385864258
 1278/2000,EPReward: 4.96
Episode 1279/2000, Reward: 3.04, ploss: -13.068487167358398, aloss:-0.2725253701210022, berr1:28.393911361694336, berr2:28.499454498291016
 1279/2000,EPReward: 3.04
Episode 1280/2000, Reward: 3.00, ploss: -12.783052444458008, aloss:-0.28007274866104126, berr1:28.973546981811523, berr2:28.98492431640625
 1280/2000,EPReward: 3.00
Episode 1281/2000, Reward: 1.47, ploss: -15.901422500610352, aloss:-0.28109410405158997, berr1:33.19090270996094, berr2:33.301368713378906
 1281/2000,EPReward: 1.47
Episode 1282/2000, Reward: 2.09, ploss: -12.914959907531738, aloss:-0.2824873924255371, berr1:36.59227752685547, berr2:36.35084915161133
 1282/2000,EPReward: 2.09
Episode 1283/2000, Reward: 3.47, ploss: -18.30966567993164, aloss:-0.2817380130290985, berr1:34.534976959228516, berr2:34.59844970703125
 1283/2000,EPReward: 3.47
Episode 1284/2000, Reward: 4.01, ploss: -12.70942211151123, aloss:-0.28884780406951904, berr1:31.50942039489746, berr2:31.330801010131836
 1284/2000,EPReward: 4.01
Episode 1285/2000, Reward: -1.54, ploss: -12.909579277038574, aloss:-0.28914037346839905, berr1:26.548599243164062, berr2:26.24041748046875
 1285/2000,EPReward: -1.54
Episode 1286/2000, Reward: 3.29, ploss: -13.059590339660645, aloss:-0.2744205892086029, berr1:32.75422286987305, berr2:32.72770309448242
 1286/2000,EPReward: 3.29
Episode 1287/2000, Reward: 1.59, ploss: -7.977853775024414, aloss:-0.278350293636322, berr1:46.886226654052734, berr2:47.27851104736328
 1287/2000,EPReward: 1.59
Episode 1288/2000, Reward: 4.30, ploss: -13.371174812316895, aloss:-0.26525962352752686, berr1:29.14970588684082, berr2:29.268632888793945
 1288/2000,EPReward: 4.30
Episode 1289/2000, Reward: 1.87, ploss: -12.885199546813965, aloss:-0.2684944272041321, berr1:33.46327590942383, berr2:33.57609176635742
 1289/2000,EPReward: 1.87
Episode 1290/2000, Reward: 2.30, ploss: -10.019003868103027, aloss:-0.26051631569862366, berr1:31.6497802734375, berr2:31.53880500793457
 1290/2000,EPReward: 2.30
Episode 1291/2000, Reward: 3.50, ploss: -14.520709991455078, aloss:-0.2602697014808655, berr1:25.348827362060547, berr2:24.675264358520508
 1291/2000,EPReward: 3.50
Episode 1292/2000, Reward: 2.88, ploss: -13.477365493774414, aloss:-0.2536420524120331, berr1:37.59068298339844, berr2:37.0465087890625
 1292/2000,EPReward: 2.88
Episode 1293/2000, Reward: 3.86, ploss: -14.83935546875, aloss:-0.25616341829299927, berr1:28.44868278503418, berr2:28.88489532470703
 1293/2000,EPReward: 3.86
Episode 1294/2000, Reward: 2.85, ploss: -11.926725387573242, aloss:-0.2576237618923187, berr1:32.09878921508789, berr2:31.43136215209961
 1294/2000,EPReward: 2.85
Episode 1295/2000, Reward: -0.41, ploss: -12.684674263000488, aloss:-0.2662310302257538, berr1:39.250892639160156, berr2:39.02826690673828
 1295/2000,EPReward: -0.41
Episode 1296/2000, Reward: 3.44, ploss: -8.662042617797852, aloss:-0.27861568331718445, berr1:35.12836837768555, berr2:35.68877029418945
 1296/2000,EPReward: 3.44
Episode 1297/2000, Reward: 5.67, ploss: -15.270893096923828, aloss:-0.2926054000854492, berr1:28.784414291381836, berr2:28.363283157348633
 1297/2000,EPReward: 5.67
Episode 1298/2000, Reward: -0.42, ploss: -9.918699264526367, aloss:-0.3076309561729431, berr1:37.98812484741211, berr2:38.219581604003906
 1298/2000,EPReward: -0.42
Episode 1299/2000, Reward: 4.53, ploss: -16.471721649169922, aloss:-0.3126862347126007, berr1:34.92344284057617, berr2:35.20400619506836
 1299/2000,EPReward: 4.53
Episode 1300/2000, Reward: -0.98, ploss: -14.28384780883789, aloss:-0.32691797614097595, berr1:29.405990600585938, berr2:29.499025344848633
 1300/2000,EPReward: -0.98
Saved checkpoint at episode 1300
Episode 1301/2000, Reward: 1.47, ploss: -17.3968448638916, aloss:-0.3273874521255493, berr1:31.256452560424805, berr2:30.43341827392578
 1301/2000,EPReward: 1.47
Episode 1302/2000, Reward: 5.08, ploss: -16.578166961669922, aloss:-0.3286927342414856, berr1:29.82624626159668, berr2:30.238744735717773
 1302/2000,EPReward: 5.08
Episode 1303/2000, Reward: 4.48, ploss: -18.530391693115234, aloss:-0.32873278856277466, berr1:36.38998031616211, berr2:36.033321380615234
 1303/2000,EPReward: 4.48
Episode 1304/2000, Reward: 1.85, ploss: -11.311178207397461, aloss:-0.3501775562763214, berr1:27.192447662353516, berr2:27.451946258544922
 1304/2000,EPReward: 1.85
Episode 1305/2000, Reward: 0.62, ploss: -18.486604690551758, aloss:-0.34968218207359314, berr1:29.647375106811523, berr2:29.556781768798828
 1305/2000,EPReward: 0.62
Episode 1306/2000, Reward: 4.97, ploss: -18.24782943725586, aloss:-0.3629690408706665, berr1:27.930252075195312, berr2:27.641775131225586
 1306/2000,EPReward: 4.97
Episode 1307/2000, Reward: 2.10, ploss: -14.115009307861328, aloss:-0.37362006306648254, berr1:32.481510162353516, berr2:32.68796920776367
 1307/2000,EPReward: 2.10
Episode 1308/2000, Reward: 1.36, ploss: -8.427445411682129, aloss:-0.3952743411064148, berr1:29.572797775268555, berr2:29.743593215942383
 1308/2000,EPReward: 1.36
Episode 1309/2000, Reward: 0.93, ploss: -18.443849563598633, aloss:-0.367940217256546, berr1:25.754905700683594, berr2:25.13981056213379
 1309/2000,EPReward: 0.93
Episode 1310/2000, Reward: 0.14, ploss: -18.535945892333984, aloss:-0.35272181034088135, berr1:38.14527893066406, berr2:38.38344192504883
 1310/2000,EPReward: 0.14
Episode 1311/2000, Reward: 0.85, ploss: -16.517093658447266, aloss:-0.33397620916366577, berr1:33.36115646362305, berr2:32.74828338623047
 1311/2000,EPReward: 0.85
Episode 1312/2000, Reward: 4.99, ploss: -18.652212142944336, aloss:-0.2940472960472107, berr1:30.160572052001953, berr2:29.411291122436523
 1312/2000,EPReward: 4.99
Episode 1313/2000, Reward: 1.95, ploss: -22.39289665222168, aloss:-0.2539738714694977, berr1:26.249778747558594, berr2:26.356124877929688
 1313/2000,EPReward: 1.95
Episode 1314/2000, Reward: 5.80, ploss: -16.007970809936523, aloss:-0.25862744450569153, berr1:31.984146118164062, berr2:31.800621032714844
 1314/2000,EPReward: 5.80
Episode 1315/2000, Reward: 0.85, ploss: -14.709035873413086, aloss:-0.2393072098493576, berr1:27.573589324951172, berr2:28.01479721069336
 1315/2000,EPReward: 0.85
Episode 1316/2000, Reward: 7.24, ploss: -16.092893600463867, aloss:-0.2256552278995514, berr1:35.510101318359375, berr2:35.488704681396484
 1316/2000,EPReward: 7.24
Episode 1317/2000, Reward: 4.65, ploss: -19.42112159729004, aloss:-0.20585910975933075, berr1:27.393383026123047, berr2:26.81181526184082
 1317/2000,EPReward: 4.65
Episode 1318/2000, Reward: 3.97, ploss: -19.528106689453125, aloss:-0.2023317962884903, berr1:28.229990005493164, berr2:28.319961547851562
 1318/2000,EPReward: 3.97
Episode 1319/2000, Reward: 5.38, ploss: -16.762540817260742, aloss:-0.2260642796754837, berr1:29.358510971069336, berr2:29.605026245117188
 1319/2000,EPReward: 5.38
Episode 1320/2000, Reward: 2.02, ploss: -11.940038681030273, aloss:-0.22623825073242188, berr1:38.06806564331055, berr2:37.59746551513672
 1320/2000,EPReward: 2.02
Episode 1321/2000, Reward: 4.68, ploss: -16.883544921875, aloss:-0.20800065994262695, berr1:28.074769973754883, berr2:27.779090881347656
 1321/2000,EPReward: 4.68
Episode 1322/2000, Reward: 4.75, ploss: -16.503570556640625, aloss:-0.2243422269821167, berr1:25.616369247436523, berr2:26.039762496948242
 1322/2000,EPReward: 4.75
Episode 1323/2000, Reward: 2.14, ploss: -17.782812118530273, aloss:-0.21462538838386536, berr1:28.26613998413086, berr2:27.835744857788086
 1323/2000,EPReward: 2.14
Episode 1324/2000, Reward: 5.73, ploss: -14.952281951904297, aloss:-0.24658358097076416, berr1:36.20649337768555, berr2:36.00872039794922
 1324/2000,EPReward: 5.73
Episode 1325/2000, Reward: 8.07, ploss: -17.088619232177734, aloss:-0.2500111758708954, berr1:27.981590270996094, berr2:28.61141014099121
 1325/2000,EPReward: 8.07
Episode 1326/2000, Reward: 3.03, ploss: -15.478059768676758, aloss:-0.2755367159843445, berr1:29.668474197387695, berr2:28.982938766479492
 1326/2000,EPReward: 3.03
Episode 1327/2000, Reward: 3.65, ploss: -18.045698165893555, aloss:-0.27228301763534546, berr1:31.058847427368164, berr2:31.0108585357666
 1327/2000,EPReward: 3.65
Episode 1328/2000, Reward: 2.30, ploss: -19.774280548095703, aloss:-0.2743472158908844, berr1:29.3580322265625, berr2:29.16352653503418
 1328/2000,EPReward: 2.30
Episode 1329/2000, Reward: 4.80, ploss: -13.09000015258789, aloss:-0.31657958030700684, berr1:36.15603256225586, berr2:36.03254699707031
 1329/2000,EPReward: 4.80
Episode 1330/2000, Reward: 2.63, ploss: -18.928749084472656, aloss:-0.2855355143547058, berr1:27.162303924560547, berr2:26.393592834472656
 1330/2000,EPReward: 2.63
Episode 1331/2000, Reward: 0.01, ploss: -16.04488754272461, aloss:-0.30424070358276367, berr1:41.263126373291016, berr2:41.4704475402832
 1331/2000,EPReward: 0.01
Episode 1332/2000, Reward: -0.30, ploss: -18.381845474243164, aloss:-0.30692505836486816, berr1:33.37190246582031, berr2:33.689796447753906
 1332/2000,EPReward: -0.30
Episode 1333/2000, Reward: -0.39, ploss: -20.520835876464844, aloss:-0.2993752956390381, berr1:23.593101501464844, berr2:23.64598274230957
 1333/2000,EPReward: -0.39
Episode 1334/2000, Reward: 5.78, ploss: -12.171388626098633, aloss:-0.34772786498069763, berr1:27.57381248474121, berr2:27.542587280273438
 1334/2000,EPReward: 5.78
Episode 1335/2000, Reward: 4.71, ploss: -16.308027267456055, aloss:-0.32369834184646606, berr1:28.83881378173828, berr2:28.272001266479492
 1335/2000,EPReward: 4.71
Episode 1336/2000, Reward: 5.56, ploss: -24.034744262695312, aloss:-0.29385876655578613, berr1:29.111665725708008, berr2:28.527362823486328
 1336/2000,EPReward: 5.56
Episode 1337/2000, Reward: 3.16, ploss: -17.282276153564453, aloss:-0.3380144238471985, berr1:25.898906707763672, berr2:26.23419189453125
 1337/2000,EPReward: 3.16
Episode 1338/2000, Reward: -1.56, ploss: -20.007190704345703, aloss:-0.31544655561447144, berr1:27.68844985961914, berr2:28.02128791809082
 1338/2000,EPReward: -1.56
Episode 1339/2000, Reward: 1.06, ploss: -18.44812774658203, aloss:-0.32801803946495056, berr1:30.93754005432129, berr2:30.541831970214844
 1339/2000,EPReward: 1.06
Episode 1340/2000, Reward: 4.87, ploss: -19.304275512695312, aloss:-0.3278394639492035, berr1:30.298553466796875, berr2:30.293537139892578
 1340/2000,EPReward: 4.87
Episode 1341/2000, Reward: 4.11, ploss: -16.131473541259766, aloss:-0.32718726992607117, berr1:28.353361129760742, berr2:28.369476318359375
 1341/2000,EPReward: 4.11
Episode 1342/2000, Reward: -1.67, ploss: -16.789064407348633, aloss:-0.326532244682312, berr1:29.443885803222656, berr2:29.243427276611328
 1342/2000,EPReward: -1.67
Episode 1343/2000, Reward: 2.32, ploss: -14.15407943725586, aloss:-0.3483505845069885, berr1:27.543352127075195, berr2:27.429845809936523
 1343/2000,EPReward: 2.32
Episode 1344/2000, Reward: -0.77, ploss: -16.908126831054688, aloss:-0.3345264494419098, berr1:41.71067810058594, berr2:41.80293273925781
 1344/2000,EPReward: -0.77
Episode 1345/2000, Reward: 4.16, ploss: -16.18912696838379, aloss:-0.3336809277534485, berr1:32.63604736328125, berr2:32.631263732910156
 1345/2000,EPReward: 4.16
Episode 1346/2000, Reward: 3.05, ploss: -19.95968246459961, aloss:-0.31628820300102234, berr1:37.41992950439453, berr2:37.43678283691406
 1346/2000,EPReward: 3.05
Episode 1347/2000, Reward: 3.06, ploss: -16.77703285217285, aloss:-0.3271026611328125, berr1:33.524261474609375, berr2:33.23390579223633
 1347/2000,EPReward: 3.06
Episode 1348/2000, Reward: 1.49, ploss: -19.551177978515625, aloss:-0.3008427321910858, berr1:28.438867568969727, berr2:28.326034545898438
 1348/2000,EPReward: 1.49
Episode 1349/2000, Reward: -0.50, ploss: -16.556400299072266, aloss:-0.2956138253211975, berr1:29.91024398803711, berr2:30.107032775878906
 1349/2000,EPReward: -0.50
Episode 1350/2000, Reward: 3.82, ploss: -22.588451385498047, aloss:-0.24136146903038025, berr1:26.81674575805664, berr2:27.291095733642578
 1350/2000,EPReward: 3.82
Episode 1351/2000, Reward: 3.13, ploss: -22.596723556518555, aloss:-0.22807197272777557, berr1:27.31424331665039, berr2:27.09238052368164
 1351/2000,EPReward: 3.13
Episode 1352/2000, Reward: 2.33, ploss: -14.821332931518555, aloss:-0.2517273426055908, berr1:30.723262786865234, berr2:30.425451278686523
 1352/2000,EPReward: 2.33
Episode 1353/2000, Reward: 1.31, ploss: -20.872119903564453, aloss:-0.23575212061405182, berr1:27.4160099029541, berr2:27.369646072387695
 1353/2000,EPReward: 1.31
Episode 1354/2000, Reward: 3.73, ploss: -18.904455184936523, aloss:-0.2616991400718689, berr1:28.571319580078125, berr2:28.258594512939453
 1354/2000,EPReward: 3.73
Episode 1355/2000, Reward: 5.80, ploss: -13.713743209838867, aloss:-0.29573506116867065, berr1:29.607580184936523, berr2:29.63734245300293
 1355/2000,EPReward: 5.80
Episode 1356/2000, Reward: 0.57, ploss: -23.51290512084961, aloss:-0.2767972946166992, berr1:30.059154510498047, berr2:30.517147064208984
 1356/2000,EPReward: 0.57
Episode 1357/2000, Reward: 4.02, ploss: -22.243267059326172, aloss:-0.29954928159713745, berr1:40.684783935546875, berr2:39.800743103027344
 1357/2000,EPReward: 4.02
Episode 1358/2000, Reward: -1.29, ploss: -11.416664123535156, aloss:-0.37173932790756226, berr1:32.60603713989258, berr2:32.713443756103516
 1358/2000,EPReward: -1.29
Episode 1359/2000, Reward: 4.52, ploss: -21.162918090820312, aloss:-0.31516146659851074, berr1:24.685611724853516, berr2:24.53852653503418
 1359/2000,EPReward: 4.52
Episode 1360/2000, Reward: -0.55, ploss: -19.903583526611328, aloss:-0.30636096000671387, berr1:27.823326110839844, berr2:27.842891693115234
 1360/2000,EPReward: -0.55
Episode 1361/2000, Reward: 4.01, ploss: -17.388273239135742, aloss:-0.28787633776664734, berr1:30.8866024017334, berr2:31.422767639160156
 1361/2000,EPReward: 4.01
Episode 1362/2000, Reward: 1.14, ploss: -20.024986267089844, aloss:-0.259843647480011, berr1:31.278902053833008, berr2:31.463756561279297
 1362/2000,EPReward: 1.14
Episode 1363/2000, Reward: 2.17, ploss: -22.671306610107422, aloss:-0.21302466094493866, berr1:24.196430206298828, berr2:24.958961486816406
 1363/2000,EPReward: 2.17
Episode 1364/2000, Reward: 7.83, ploss: -19.905292510986328, aloss:-0.21042115986347198, berr1:25.98484992980957, berr2:25.834856033325195
 1364/2000,EPReward: 7.83
Episode 1365/2000, Reward: 1.07, ploss: -15.764324188232422, aloss:-0.21299543976783752, berr1:29.342424392700195, berr2:28.920896530151367
 1365/2000,EPReward: 1.07
Episode 1366/2000, Reward: 2.12, ploss: -19.481555938720703, aloss:-0.19536063075065613, berr1:29.804622650146484, berr2:29.851001739501953
 1366/2000,EPReward: 2.12
Episode 1367/2000, Reward: 2.75, ploss: -19.091630935668945, aloss:-0.19853168725967407, berr1:27.886178970336914, berr2:27.93128776550293
 1367/2000,EPReward: 2.75
Episode 1368/2000, Reward: 7.65, ploss: -23.874998092651367, aloss:-0.1794535517692566, berr1:25.703563690185547, berr2:26.318424224853516
 1368/2000,EPReward: 7.65
Episode 1369/2000, Reward: 3.14, ploss: -22.105388641357422, aloss:-0.1963774710893631, berr1:27.204200744628906, berr2:27.103679656982422
 1369/2000,EPReward: 3.14
Episode 1370/2000, Reward: 1.75, ploss: -17.868515014648438, aloss:-0.2372989058494568, berr1:25.71335220336914, berr2:25.885725021362305
 1370/2000,EPReward: 1.75
Episode 1371/2000, Reward: 2.64, ploss: -21.92491912841797, aloss:-0.2220536172389984, berr1:28.292499542236328, berr2:27.915372848510742
 1371/2000,EPReward: 2.64
Episode 1372/2000, Reward: 6.62, ploss: -17.601505279541016, aloss:-0.24396681785583496, berr1:22.93050193786621, berr2:22.708404541015625
 1372/2000,EPReward: 6.62
Episode 1373/2000, Reward: 1.76, ploss: -23.17526626586914, aloss:-0.23476020991802216, berr1:25.247501373291016, berr2:25.11561393737793
 1373/2000,EPReward: 1.76
Episode 1374/2000, Reward: 2.67, ploss: -17.614938735961914, aloss:-0.25948262214660645, berr1:45.473609924316406, berr2:45.726985931396484
 1374/2000,EPReward: 2.67
Episode 1375/2000, Reward: 4.35, ploss: -18.158584594726562, aloss:-0.2598983347415924, berr1:27.06907081604004, berr2:27.1948299407959
 1375/2000,EPReward: 4.35
Episode 1376/2000, Reward: 1.08, ploss: -18.3613338470459, aloss:-0.27222710847854614, berr1:21.850299835205078, berr2:22.18577766418457
 1376/2000,EPReward: 1.08
Episode 1377/2000, Reward: 1.69, ploss: -23.631513595581055, aloss:-0.23727232217788696, berr1:27.991924285888672, berr2:27.83360481262207
 1377/2000,EPReward: 1.69
Episode 1378/2000, Reward: 1.20, ploss: -23.666677474975586, aloss:-0.2456335723400116, berr1:27.880447387695312, berr2:27.65549087524414
 1378/2000,EPReward: 1.20
Episode 1379/2000, Reward: 3.23, ploss: -14.121448516845703, aloss:-0.28556159138679504, berr1:31.275325775146484, berr2:31.294769287109375
 1379/2000,EPReward: 3.23
Episode 1380/2000, Reward: 2.48, ploss: -14.583351135253906, aloss:-0.2946421504020691, berr1:34.87290573120117, berr2:34.917213439941406
 1380/2000,EPReward: 2.48
Episode 1381/2000, Reward: 2.59, ploss: -21.686145782470703, aloss:-0.27240827679634094, berr1:24.905853271484375, berr2:24.69324493408203
 1381/2000,EPReward: 2.59
Episode 1382/2000, Reward: 1.58, ploss: -23.025897979736328, aloss:-0.2800438106060028, berr1:23.567245483398438, berr2:23.334365844726562
 1382/2000,EPReward: 1.58
Episode 1383/2000, Reward: -0.77, ploss: -17.052946090698242, aloss:-0.31460100412368774, berr1:39.10077667236328, berr2:39.15020751953125
 1383/2000,EPReward: -0.77
Episode 1384/2000, Reward: 4.05, ploss: -20.797016143798828, aloss:-0.3195313811302185, berr1:20.905284881591797, berr2:21.801586151123047
 1384/2000,EPReward: 4.05
Episode 1385/2000, Reward: 4.04, ploss: -18.469301223754883, aloss:-0.3436794877052307, berr1:36.94095993041992, berr2:36.947837829589844
 1385/2000,EPReward: 4.04
Episode 1386/2000, Reward: -0.62, ploss: -18.74785614013672, aloss:-0.35255110263824463, berr1:28.975040435791016, berr2:28.904470443725586
 1386/2000,EPReward: -0.62
Episode 1387/2000, Reward: 1.69, ploss: -25.730579376220703, aloss:-0.3248366713523865, berr1:32.91322326660156, berr2:33.08049774169922
 1387/2000,EPReward: 1.69
Episode 1388/2000, Reward: 4.15, ploss: -23.022180557250977, aloss:-0.3111329972743988, berr1:26.066905975341797, berr2:26.478389739990234
 1388/2000,EPReward: 4.15
Episode 1389/2000, Reward: 2.38, ploss: -23.00296401977539, aloss:-0.28550976514816284, berr1:26.300317764282227, berr2:26.566083908081055
 1389/2000,EPReward: 2.38
Episode 1390/2000, Reward: 1.42, ploss: -25.69757652282715, aloss:-0.24055244028568268, berr1:25.96343994140625, berr2:25.700130462646484
 1390/2000,EPReward: 1.42
Episode 1391/2000, Reward: 4.73, ploss: -18.305194854736328, aloss:-0.27101683616638184, berr1:44.032623291015625, berr2:43.832122802734375
 1391/2000,EPReward: 4.73
Episode 1392/2000, Reward: 1.42, ploss: -18.218107223510742, aloss:-0.24426919221878052, berr1:29.251720428466797, berr2:28.682748794555664
 1392/2000,EPReward: 1.42
Episode 1393/2000, Reward: 2.23, ploss: -22.19532585144043, aloss:-0.2196044921875, berr1:30.14190673828125, berr2:30.614330291748047
 1393/2000,EPReward: 2.23
Episode 1394/2000, Reward: 1.43, ploss: -21.474027633666992, aloss:-0.22422191500663757, berr1:23.424488067626953, berr2:23.908573150634766
 1394/2000,EPReward: 1.43
Episode 1395/2000, Reward: 4.20, ploss: -24.84962272644043, aloss:-0.21305696666240692, berr1:30.78094482421875, berr2:30.896495819091797
 1395/2000,EPReward: 4.20
Episode 1396/2000, Reward: 4.61, ploss: -23.778032302856445, aloss:-0.22719864547252655, berr1:21.498199462890625, berr2:21.69483184814453
 1396/2000,EPReward: 4.61
Episode 1397/2000, Reward: 1.41, ploss: -22.49318504333496, aloss:-0.24071422219276428, berr1:27.89580535888672, berr2:27.45556640625
 1397/2000,EPReward: 1.41
Episode 1398/2000, Reward: 1.70, ploss: -24.10222053527832, aloss:-0.25399062037467957, berr1:22.801565170288086, berr2:23.373340606689453
 1398/2000,EPReward: 1.70
Episode 1399/2000, Reward: -0.89, ploss: -22.415477752685547, aloss:-0.27973508834838867, berr1:29.748828887939453, berr2:29.44585418701172
 1399/2000,EPReward: -0.89
Episode 1400/2000, Reward: 2.76, ploss: -30.185230255126953, aloss:-0.23930613696575165, berr1:35.6110954284668, berr2:35.99100112915039
 1400/2000,EPReward: 2.76
Saved checkpoint at episode 1400
Episode 1401/2000, Reward: 7.08, ploss: -25.753772735595703, aloss:-0.2767987847328186, berr1:26.855375289916992, berr2:27.09237289428711
 1401/2000,EPReward: 7.08
Episode 1402/2000, Reward: 3.19, ploss: -12.19472885131836, aloss:-0.36275795102119446, berr1:26.769649505615234, berr2:26.53693962097168
 1402/2000,EPReward: 3.19
Episode 1403/2000, Reward: 3.78, ploss: -20.303543090820312, aloss:-0.3118571937084198, berr1:40.1785774230957, berr2:39.624813079833984
 1403/2000,EPReward: 3.78
Episode 1404/2000, Reward: 4.89, ploss: -14.916881561279297, aloss:-0.3349420130252838, berr1:45.40810775756836, berr2:45.46744918823242
 1404/2000,EPReward: 4.89
Episode 1405/2000, Reward: 0.16, ploss: -25.54837417602539, aloss:-0.27248048782348633, berr1:24.14422607421875, berr2:24.50601577758789
 1405/2000,EPReward: 0.16
Episode 1406/2000, Reward: 2.79, ploss: -20.97181510925293, aloss:-0.28510957956314087, berr1:36.75032043457031, berr2:36.88031005859375
 1406/2000,EPReward: 2.79
Episode 1407/2000, Reward: 5.76, ploss: -27.085769653320312, aloss:-0.23735839128494263, berr1:25.91741180419922, berr2:26.171995162963867
 1407/2000,EPReward: 5.76
Episode 1408/2000, Reward: 3.01, ploss: -28.603851318359375, aloss:-0.2216591238975525, berr1:21.071887969970703, berr2:20.87677001953125
 1408/2000,EPReward: 3.01
Episode 1409/2000, Reward: 1.38, ploss: -25.06224822998047, aloss:-0.22816072404384613, berr1:23.89720344543457, berr2:23.929943084716797
 1409/2000,EPReward: 1.38
Episode 1410/2000, Reward: 8.15, ploss: -25.744386672973633, aloss:-0.22486260533332825, berr1:22.297557830810547, berr2:22.256732940673828
 1410/2000,EPReward: 8.15
Episode 1411/2000, Reward: 1.40, ploss: -27.95421028137207, aloss:-0.20937579870224, berr1:37.35211181640625, berr2:37.790931701660156
 1411/2000,EPReward: 1.40
Episode 1412/2000, Reward: 2.19, ploss: -21.902177810668945, aloss:-0.2396458238363266, berr1:33.583072662353516, berr2:33.24365997314453
 1412/2000,EPReward: 2.19
Episode 1413/2000, Reward: 0.90, ploss: -22.837215423583984, aloss:-0.244728684425354, berr1:28.843551635742188, berr2:28.570354461669922
 1413/2000,EPReward: 0.90
Episode 1414/2000, Reward: 5.73, ploss: -24.59927749633789, aloss:-0.23896124958992004, berr1:24.4429988861084, berr2:24.835905075073242
 1414/2000,EPReward: 5.73
Episode 1415/2000, Reward: 4.48, ploss: -24.554548263549805, aloss:-0.24788492918014526, berr1:30.419822692871094, berr2:30.643239974975586
 1415/2000,EPReward: 4.48
Episode 1416/2000, Reward: 1.76, ploss: -28.574682235717773, aloss:-0.2348218858242035, berr1:35.42258834838867, berr2:35.27089309692383
 1416/2000,EPReward: 1.76
Episode 1417/2000, Reward: 7.59, ploss: -22.665319442749023, aloss:-0.2605622410774231, berr1:34.624000549316406, berr2:34.04986572265625
 1417/2000,EPReward: 7.59
Episode 1418/2000, Reward: 3.36, ploss: -19.850215911865234, aloss:-0.279695600271225, berr1:27.637929916381836, berr2:27.92527961730957
 1418/2000,EPReward: 3.36
Episode 1419/2000, Reward: 4.93, ploss: -24.992076873779297, aloss:-0.2546810507774353, berr1:24.881633758544922, berr2:24.565073013305664
 1419/2000,EPReward: 4.93
Episode 1420/2000, Reward: 6.01, ploss: -22.12430763244629, aloss:-0.26599353551864624, berr1:29.911867141723633, berr2:29.72768783569336
 1420/2000,EPReward: 6.01
Episode 1421/2000, Reward: 3.19, ploss: -24.028417587280273, aloss:-0.2543765902519226, berr1:28.579822540283203, berr2:28.443023681640625
 1421/2000,EPReward: 3.19
Episode 1422/2000, Reward: 3.41, ploss: -22.934720993041992, aloss:-0.26340335607528687, berr1:27.402137756347656, berr2:27.46435546875
 1422/2000,EPReward: 3.41
Episode 1423/2000, Reward: 1.93, ploss: -22.141584396362305, aloss:-0.2640843391418457, berr1:29.818119049072266, berr2:30.231325149536133
 1423/2000,EPReward: 1.93
Episode 1424/2000, Reward: 6.63, ploss: -27.37201499938965, aloss:-0.22404159605503082, berr1:31.876693725585938, berr2:31.60276222229004
 1424/2000,EPReward: 6.63
Episode 1425/2000, Reward: 2.59, ploss: -22.902734756469727, aloss:-0.2353585660457611, berr1:28.559490203857422, berr2:29.09563446044922
 1425/2000,EPReward: 2.59
Episode 1426/2000, Reward: 3.41, ploss: -20.424640655517578, aloss:-0.2495163530111313, berr1:41.54523849487305, berr2:41.4867057800293
 1426/2000,EPReward: 3.41
Episode 1427/2000, Reward: 0.10, ploss: -19.624717712402344, aloss:-0.2598472535610199, berr1:32.585994720458984, berr2:32.44624710083008
 1427/2000,EPReward: 0.10
Episode 1428/2000, Reward: 7.84, ploss: -23.272613525390625, aloss:-0.25007355213165283, berr1:22.906204223632812, berr2:23.341434478759766
 1428/2000,EPReward: 7.84
Episode 1429/2000, Reward: 0.92, ploss: -28.780609130859375, aloss:-0.23944908380508423, berr1:24.320594787597656, berr2:24.79609489440918
 1429/2000,EPReward: 0.92
Episode 1430/2000, Reward: 10.06, ploss: -28.183731079101562, aloss:-0.2603440284729004, berr1:24.63929557800293, berr2:24.408527374267578
 1430/2000,EPReward: 10.06
Episode 1431/2000, Reward: 3.13, ploss: -22.556917190551758, aloss:-0.3106650412082672, berr1:31.435998916625977, berr2:31.051612854003906
 1431/2000,EPReward: 3.13
Episode 1432/2000, Reward: 6.31, ploss: -24.400087356567383, aloss:-0.31631582975387573, berr1:27.450334548950195, berr2:26.951356887817383
 1432/2000,EPReward: 6.31
Episode 1433/2000, Reward: 0.35, ploss: -24.682825088500977, aloss:-0.3172439634799957, berr1:30.504314422607422, berr2:29.912609100341797
 1433/2000,EPReward: 0.35
Episode 1434/2000, Reward: 3.65, ploss: -28.101306915283203, aloss:-0.3011861741542816, berr1:31.825395584106445, berr2:31.677900314331055
 1434/2000,EPReward: 3.65
Episode 1435/2000, Reward: 7.85, ploss: -28.766986846923828, aloss:-0.28950226306915283, berr1:27.16161346435547, berr2:26.42308235168457
 1435/2000,EPReward: 7.85
Episode 1436/2000, Reward: 4.42, ploss: -26.459335327148438, aloss:-0.2915763556957245, berr1:36.63238525390625, berr2:36.38986587524414
 1436/2000,EPReward: 4.42
Episode 1437/2000, Reward: 0.35, ploss: -23.835111618041992, aloss:-0.29338860511779785, berr1:25.988492965698242, berr2:26.16686248779297
 1437/2000,EPReward: 0.35
Episode 1438/2000, Reward: 0.69, ploss: -25.707590103149414, aloss:-0.2789182960987091, berr1:41.56436538696289, berr2:41.916507720947266
 1438/2000,EPReward: 0.69
Episode 1439/2000, Reward: 1.04, ploss: -26.752197265625, aloss:-0.2705360949039459, berr1:26.512731552124023, berr2:26.399559020996094
 1439/2000,EPReward: 1.04
Episode 1440/2000, Reward: 2.45, ploss: -34.491294860839844, aloss:-0.22639575600624084, berr1:16.64137077331543, berr2:16.64005470275879
 1440/2000,EPReward: 2.45
Episode 1441/2000, Reward: 3.10, ploss: -26.111631393432617, aloss:-0.2725612223148346, berr1:26.447708129882812, berr2:26.42599868774414
 1441/2000,EPReward: 3.10
Episode 1442/2000, Reward: 1.91, ploss: -32.190574645996094, aloss:-0.2307857722043991, berr1:21.092491149902344, berr2:20.849502563476562
 1442/2000,EPReward: 1.91
Episode 1443/2000, Reward: 5.68, ploss: -25.127962112426758, aloss:-0.25939643383026123, berr1:25.049362182617188, berr2:25.419248580932617
 1443/2000,EPReward: 5.68
Episode 1444/2000, Reward: 5.57, ploss: -36.3109245300293, aloss:-0.1910507082939148, berr1:22.324405670166016, berr2:22.445472717285156
 1444/2000,EPReward: 5.57
Episode 1445/2000, Reward: 7.55, ploss: -19.088727951049805, aloss:-0.27817022800445557, berr1:48.655643463134766, berr2:47.84607696533203
 1445/2000,EPReward: 7.55
Episode 1446/2000, Reward: 2.82, ploss: -26.32135581970215, aloss:-0.22911792993545532, berr1:35.890289306640625, berr2:35.222469329833984
 1446/2000,EPReward: 2.82
Episode 1447/2000, Reward: 1.59, ploss: -22.758453369140625, aloss:-0.25092869997024536, berr1:23.97213363647461, berr2:23.187618255615234
 1447/2000,EPReward: 1.59
Episode 1448/2000, Reward: 3.98, ploss: -31.697677612304688, aloss:-0.20521636307239532, berr1:21.900955200195312, berr2:22.029523849487305
 1448/2000,EPReward: 3.98
Episode 1449/2000, Reward: 1.96, ploss: -31.629377365112305, aloss:-0.22187688946723938, berr1:27.04280662536621, berr2:27.511505126953125
 1449/2000,EPReward: 1.96
Episode 1450/2000, Reward: 4.85, ploss: -29.794437408447266, aloss:-0.2327594757080078, berr1:30.838205337524414, berr2:30.662185668945312
 1450/2000,EPReward: 4.85
Episode 1451/2000, Reward: 2.90, ploss: -29.163007736206055, aloss:-0.2447027713060379, berr1:25.586122512817383, berr2:25.734786987304688
 1451/2000,EPReward: 2.90
Episode 1452/2000, Reward: 2.16, ploss: -31.146060943603516, aloss:-0.23931658267974854, berr1:25.39640998840332, berr2:25.15721321105957
 1452/2000,EPReward: 2.16
Episode 1453/2000, Reward: 0.27, ploss: -27.288204193115234, aloss:-0.26801082491874695, berr1:24.87468910217285, berr2:25.516845703125
 1453/2000,EPReward: 0.27
Episode 1454/2000, Reward: -0.20, ploss: -30.46466064453125, aloss:-0.25023579597473145, berr1:26.87260627746582, berr2:26.745805740356445
 1454/2000,EPReward: -0.20
Episode 1455/2000, Reward: 1.46, ploss: -29.84650230407715, aloss:-0.25174903869628906, berr1:30.756622314453125, berr2:30.16616439819336
 1455/2000,EPReward: 1.46
Episode 1456/2000, Reward: 6.13, ploss: -25.302335739135742, aloss:-0.28259724378585815, berr1:26.748973846435547, berr2:26.915605545043945
 1456/2000,EPReward: 6.13
Episode 1457/2000, Reward: 4.77, ploss: -30.00611114501953, aloss:-0.26052162051200867, berr1:20.910282135009766, berr2:21.1815185546875
 1457/2000,EPReward: 4.77
Episode 1458/2000, Reward: 3.20, ploss: -35.932796478271484, aloss:-0.23188532888889313, berr1:33.99909210205078, berr2:33.80449676513672
 1458/2000,EPReward: 3.20
Episode 1459/2000, Reward: 3.18, ploss: -27.354087829589844, aloss:-0.2770737409591675, berr1:34.352046966552734, berr2:34.40245056152344
 1459/2000,EPReward: 3.18
Episode 1460/2000, Reward: 4.82, ploss: -30.653886795043945, aloss:-0.2534140944480896, berr1:17.4939022064209, berr2:17.72930335998535
 1460/2000,EPReward: 4.82
Episode 1461/2000, Reward: 4.79, ploss: -35.58699417114258, aloss:-0.21320024132728577, berr1:21.769546508789062, berr2:21.30987548828125
 1461/2000,EPReward: 4.79
Episode 1462/2000, Reward: 5.66, ploss: -30.514476776123047, aloss:-0.23024529218673706, berr1:25.639665603637695, berr2:26.056800842285156
 1462/2000,EPReward: 5.66
Episode 1463/2000, Reward: 15.32, ploss: -29.431419372558594, aloss:-0.2249334752559662, berr1:35.385459899902344, berr2:34.685089111328125
 1463/2000,EPReward: 15.32
Episode 1464/2000, Reward: 2.39, ploss: -27.023107528686523, aloss:-0.22622808814048767, berr1:23.772533416748047, berr2:24.49273109436035
 1464/2000,EPReward: 2.39
Episode 1465/2000, Reward: 6.43, ploss: -31.250904083251953, aloss:-0.1923956722021103, berr1:23.195640563964844, berr2:23.070186614990234
 1465/2000,EPReward: 6.43
Episode 1466/2000, Reward: 2.69, ploss: -26.736223220825195, aloss:-0.2071039080619812, berr1:30.971508026123047, berr2:31.400728225708008
 1466/2000,EPReward: 2.69
Episode 1467/2000, Reward: 5.73, ploss: -23.87087631225586, aloss:-0.22930869460105896, berr1:25.371212005615234, berr2:25.43733024597168
 1467/2000,EPReward: 5.73
Episode 1468/2000, Reward: 5.89, ploss: -28.62973976135254, aloss:-0.20469607412815094, berr1:26.178592681884766, berr2:26.189319610595703
 1468/2000,EPReward: 5.89
Episode 1469/2000, Reward: 3.42, ploss: -23.09649658203125, aloss:-0.215591162443161, berr1:28.81118392944336, berr2:28.46983528137207
 1469/2000,EPReward: 3.42
Episode 1470/2000, Reward: 3.92, ploss: -32.989341735839844, aloss:-0.1868898719549179, berr1:19.84915542602539, berr2:19.882051467895508
 1470/2000,EPReward: 3.92
Episode 1471/2000, Reward: 5.08, ploss: -26.784839630126953, aloss:-0.23347362875938416, berr1:26.684673309326172, berr2:26.248071670532227
 1471/2000,EPReward: 5.08
Episode 1472/2000, Reward: 8.02, ploss: -28.19851303100586, aloss:-0.22936230897903442, berr1:28.346149444580078, berr2:28.361562728881836
 1472/2000,EPReward: 8.02
Episode 1473/2000, Reward: 2.91, ploss: -26.576501846313477, aloss:-0.2607215940952301, berr1:42.501773834228516, berr2:42.596370697021484
 1473/2000,EPReward: 2.91
Episode 1474/2000, Reward: 2.05, ploss: -30.261816024780273, aloss:-0.2530759572982788, berr1:26.007957458496094, berr2:25.334121704101562
 1474/2000,EPReward: 2.05
Episode 1475/2000, Reward: 5.89, ploss: -29.09408950805664, aloss:-0.2807941734790802, berr1:21.356075286865234, berr2:22.065092086791992
 1475/2000,EPReward: 5.89
Episode 1476/2000, Reward: 3.16, ploss: -34.33604431152344, aloss:-0.2554316222667694, berr1:23.38334846496582, berr2:23.369544982910156
 1476/2000,EPReward: 3.16
Episode 1477/2000, Reward: 7.89, ploss: -33.013126373291016, aloss:-0.2538854777812958, berr1:28.87120819091797, berr2:28.99416732788086
 1477/2000,EPReward: 7.89
Episode 1478/2000, Reward: 3.26, ploss: -31.145959854125977, aloss:-0.26330628991127014, berr1:21.318939208984375, berr2:20.807796478271484
 1478/2000,EPReward: 3.26
Episode 1479/2000, Reward: 6.49, ploss: -29.741199493408203, aloss:-0.27092161774635315, berr1:26.6496524810791, berr2:26.27536964416504
 1479/2000,EPReward: 6.49
Episode 1480/2000, Reward: 6.41, ploss: -27.48699188232422, aloss:-0.28006187081336975, berr1:31.936767578125, berr2:30.704814910888672
 1480/2000,EPReward: 6.41
Episode 1481/2000, Reward: -1.19, ploss: -34.66823196411133, aloss:-0.23016449809074402, berr1:21.71955108642578, berr2:21.8748779296875
 1481/2000,EPReward: -1.19
Episode 1482/2000, Reward: 0.76, ploss: -35.84367752075195, aloss:-0.2331579625606537, berr1:20.74775505065918, berr2:21.34638023376465
 1482/2000,EPReward: 0.76
Episode 1483/2000, Reward: 7.79, ploss: -34.69351577758789, aloss:-0.2500683069229126, berr1:41.18415832519531, berr2:41.53346252441406
 1483/2000,EPReward: 7.79
Episode 1484/2000, Reward: 2.62, ploss: -29.24603271484375, aloss:-0.28848519921302795, berr1:27.36330223083496, berr2:27.531431198120117
 1484/2000,EPReward: 2.62
Episode 1485/2000, Reward: 3.43, ploss: -28.25084686279297, aloss:-0.28938019275665283, berr1:28.65445327758789, berr2:28.450172424316406
 1485/2000,EPReward: 3.43
Episode 1486/2000, Reward: 4.22, ploss: -28.042184829711914, aloss:-0.2910629212856293, berr1:22.212186813354492, berr2:21.764389038085938
 1486/2000,EPReward: 4.22
Episode 1487/2000, Reward: 2.79, ploss: -38.25727081298828, aloss:-0.24611030519008636, berr1:22.274555206298828, berr2:22.72826385498047
 1487/2000,EPReward: 2.79
Episode 1488/2000, Reward: 4.55, ploss: -32.75653839111328, aloss:-0.29854440689086914, berr1:23.590991973876953, berr2:23.763097763061523
 1488/2000,EPReward: 4.55
Episode 1489/2000, Reward: 3.00, ploss: -33.31807327270508, aloss:-0.3087146282196045, berr1:31.81432342529297, berr2:31.543411254882812
 1489/2000,EPReward: 3.00
Episode 1490/2000, Reward: 1.89, ploss: -37.034210205078125, aloss:-0.30945006012916565, berr1:19.850088119506836, berr2:19.755939483642578
 1490/2000,EPReward: 1.89
Episode 1491/2000, Reward: 2.40, ploss: -26.03568458557129, aloss:-0.40004396438598633, berr1:53.19612121582031, berr2:53.45287322998047
 1491/2000,EPReward: 2.40
Episode 1492/2000, Reward: 2.34, ploss: -32.09006881713867, aloss:-0.3813958466053009, berr1:23.7788143157959, berr2:23.296154022216797
 1492/2000,EPReward: 2.34
Episode 1493/2000, Reward: 1.39, ploss: -24.121688842773438, aloss:-0.4334847331047058, berr1:32.40153884887695, berr2:32.33283615112305
 1493/2000,EPReward: 1.39
Episode 1494/2000, Reward: 1.46, ploss: -32.292076110839844, aloss:-0.37253329157829285, berr1:21.96073341369629, berr2:22.201189041137695
 1494/2000,EPReward: 1.46
Episode 1495/2000, Reward: 1.43, ploss: -34.819664001464844, aloss:-0.32694512605667114, berr1:21.152305603027344, berr2:21.193010330200195
 1495/2000,EPReward: 1.43
Episode 1496/2000, Reward: 1.67, ploss: -30.40195083618164, aloss:-0.3219497501850128, berr1:53.43156433105469, berr2:52.932960510253906
 1496/2000,EPReward: 1.67
Episode 1497/2000, Reward: 1.06, ploss: -25.369749069213867, aloss:-0.3197644352912903, berr1:25.62384605407715, berr2:25.816247940063477
 1497/2000,EPReward: 1.06
Episode 1498/2000, Reward: 2.98, ploss: -27.461645126342773, aloss:-0.27711379528045654, berr1:27.549869537353516, berr2:28.007614135742188
 1498/2000,EPReward: 2.98
Episode 1499/2000, Reward: 3.81, ploss: -33.87429428100586, aloss:-0.22014109790325165, berr1:23.894367218017578, berr2:23.49306869506836
 1499/2000,EPReward: 3.81
Episode 1500/2000, Reward: 5.75, ploss: -31.72418212890625, aloss:-0.23056744039058685, berr1:38.61676025390625, berr2:38.28524398803711
 1500/2000,EPReward: 5.75
Saved checkpoint at episode 1500
Episode 1501/2000, Reward: 2.99, ploss: -26.23326301574707, aloss:-0.23098519444465637, berr1:29.47101402282715, berr2:29.302230834960938
 1501/2000,EPReward: 2.99
Episode 1502/2000, Reward: 3.55, ploss: -34.08179473876953, aloss:-0.18611574172973633, berr1:18.991077423095703, berr2:19.200138092041016
 1502/2000,EPReward: 3.55
Episode 1503/2000, Reward: 5.50, ploss: -37.108985900878906, aloss:-0.18052807450294495, berr1:20.541397094726562, berr2:20.830665588378906
 1503/2000,EPReward: 5.50
Episode 1504/2000, Reward: 5.72, ploss: -39.20122146606445, aloss:-0.17957931756973267, berr1:14.615992546081543, berr2:15.07548713684082
 1504/2000,EPReward: 5.72
Episode 1505/2000, Reward: 3.34, ploss: -37.473751068115234, aloss:-0.20547951757907867, berr1:15.170600891113281, berr2:16.061243057250977
 1505/2000,EPReward: 3.34
Episode 1506/2000, Reward: 3.23, ploss: -29.654010772705078, aloss:-0.2540404498577118, berr1:41.11773681640625, berr2:41.06197738647461
 1506/2000,EPReward: 3.23
Episode 1507/2000, Reward: 0.21, ploss: -37.35723876953125, aloss:-0.21048282086849213, berr1:21.635583877563477, berr2:21.55845832824707
 1507/2000,EPReward: 0.21
Episode 1508/2000, Reward: 3.69, ploss: -32.05036163330078, aloss:-0.24185696244239807, berr1:16.272138595581055, berr2:16.59769630432129
 1508/2000,EPReward: 3.69
Episode 1509/2000, Reward: 3.80, ploss: -33.46308135986328, aloss:-0.24037811160087585, berr1:25.65679168701172, berr2:25.013418197631836
 1509/2000,EPReward: 3.80
Episode 1510/2000, Reward: 6.30, ploss: -35.37730026245117, aloss:-0.21087345480918884, berr1:23.886550903320312, berr2:24.20866584777832
 1510/2000,EPReward: 6.30
Episode 1511/2000, Reward: 5.53, ploss: -32.23900604248047, aloss:-0.23528094589710236, berr1:23.709850311279297, berr2:24.0152587890625
 1511/2000,EPReward: 5.53
Episode 1512/2000, Reward: 0.42, ploss: -28.06210708618164, aloss:-0.2762930989265442, berr1:28.1152286529541, berr2:27.992074966430664
 1512/2000,EPReward: 0.42
Episode 1513/2000, Reward: 7.49, ploss: -29.23717498779297, aloss:-0.28212878108024597, berr1:28.224773406982422, berr2:28.0529727935791
 1513/2000,EPReward: 7.49
Episode 1514/2000, Reward: 6.72, ploss: -30.829456329345703, aloss:-0.2906007170677185, berr1:20.86042594909668, berr2:20.979808807373047
 1514/2000,EPReward: 6.72
Episode 1515/2000, Reward: 2.37, ploss: -33.06529998779297, aloss:-0.2923501431941986, berr1:25.68227195739746, berr2:25.97521209716797
 1515/2000,EPReward: 2.37
Episode 1516/2000, Reward: 3.62, ploss: -34.930171966552734, aloss:-0.3118398189544678, berr1:18.833711624145508, berr2:18.902748107910156
 1516/2000,EPReward: 3.62
Episode 1517/2000, Reward: 5.45, ploss: -36.48564910888672, aloss:-0.31619930267333984, berr1:22.209009170532227, berr2:22.294401168823242
 1517/2000,EPReward: 5.45
Episode 1518/2000, Reward: 3.30, ploss: -36.55989074707031, aloss:-0.32710686326026917, berr1:24.61446762084961, berr2:24.54844856262207
 1518/2000,EPReward: 3.30
Episode 1519/2000, Reward: 7.98, ploss: -38.519195556640625, aloss:-0.3150554597377777, berr1:23.911911010742188, berr2:24.270977020263672
 1519/2000,EPReward: 7.98
Episode 1520/2000, Reward: 6.46, ploss: -31.988147735595703, aloss:-0.3411087989807129, berr1:19.751018524169922, berr2:20.040390014648438
 1520/2000,EPReward: 6.46
Episode 1521/2000, Reward: 3.70, ploss: -32.93675994873047, aloss:-0.315337210893631, berr1:20.969573974609375, berr2:20.8112735748291
 1521/2000,EPReward: 3.70
Episode 1522/2000, Reward: 5.32, ploss: -38.566959381103516, aloss:-0.26334160566329956, berr1:28.651317596435547, berr2:28.66742706298828
 1522/2000,EPReward: 5.32
Episode 1523/2000, Reward: 3.26, ploss: -35.01789093017578, aloss:-0.25620031356811523, berr1:34.768348693847656, berr2:34.86157989501953
 1523/2000,EPReward: 3.26
Episode 1524/2000, Reward: 2.96, ploss: -43.493289947509766, aloss:-0.19328972697257996, berr1:19.430156707763672, berr2:19.798423767089844
 1524/2000,EPReward: 2.96
Episode 1525/2000, Reward: 0.32, ploss: -33.85926055908203, aloss:-0.2086142599582672, berr1:21.929502487182617, berr2:22.431438446044922
 1525/2000,EPReward: 0.32
Episode 1526/2000, Reward: 4.73, ploss: -31.157142639160156, aloss:-0.20074430108070374, berr1:24.583866119384766, berr2:24.748538970947266
 1526/2000,EPReward: 4.73
Episode 1527/2000, Reward: -0.73, ploss: -36.69584655761719, aloss:-0.15416237711906433, berr1:28.067890167236328, berr2:28.28520965576172
 1527/2000,EPReward: -0.73
Episode 1528/2000, Reward: 4.62, ploss: -32.41773986816406, aloss:-0.18472902476787567, berr1:22.723073959350586, berr2:22.817100524902344
 1528/2000,EPReward: 4.62
Episode 1529/2000, Reward: 4.40, ploss: -28.075475692749023, aloss:-0.17705440521240234, berr1:27.548887252807617, berr2:28.02887535095215
 1529/2000,EPReward: 4.40
Episode 1530/2000, Reward: 1.78, ploss: -31.02582359313965, aloss:-0.17396008968353271, berr1:29.086166381835938, berr2:28.65027618408203
 1530/2000,EPReward: 1.78
Episode 1531/2000, Reward: 2.17, ploss: -34.41315841674805, aloss:-0.17113667726516724, berr1:21.663057327270508, berr2:21.745546340942383
 1531/2000,EPReward: 2.17
Episode 1532/2000, Reward: 4.13, ploss: -38.35274887084961, aloss:-0.16589026153087616, berr1:20.033214569091797, berr2:20.3746280670166
 1532/2000,EPReward: 4.13
Episode 1533/2000, Reward: 2.02, ploss: -40.29561233520508, aloss:-0.16817525029182434, berr1:41.03793716430664, berr2:41.81871032714844
 1533/2000,EPReward: 2.02
Episode 1534/2000, Reward: 5.59, ploss: -34.39512634277344, aloss:-0.2322305291891098, berr1:23.84382438659668, berr2:23.756174087524414
 1534/2000,EPReward: 5.59
Episode 1535/2000, Reward: 6.56, ploss: -30.88277816772461, aloss:-0.2846810817718506, berr1:25.43120002746582, berr2:25.705469131469727
 1535/2000,EPReward: 6.56
Episode 1536/2000, Reward: 3.47, ploss: -33.74014663696289, aloss:-0.3043833076953888, berr1:22.618757247924805, berr2:22.728609085083008
 1536/2000,EPReward: 3.47
Episode 1537/2000, Reward: 1.92, ploss: -36.360042572021484, aloss:-0.31600210070610046, berr1:35.347686767578125, berr2:35.09282684326172
 1537/2000,EPReward: 1.92
Episode 1538/2000, Reward: 1.24, ploss: -39.116939544677734, aloss:-0.3504251539707184, berr1:27.028715133666992, berr2:27.254322052001953
 1538/2000,EPReward: 1.24
Episode 1539/2000, Reward: 6.75, ploss: -33.497493743896484, aloss:-0.36012887954711914, berr1:37.05899429321289, berr2:37.5896110534668
 1539/2000,EPReward: 6.75
Episode 1540/2000, Reward: -0.69, ploss: -41.05064392089844, aloss:-0.2945317327976227, berr1:22.442138671875, berr2:23.020000457763672
 1540/2000,EPReward: -0.69
Episode 1541/2000, Reward: 3.42, ploss: -34.19605255126953, aloss:-0.29524677991867065, berr1:27.007102966308594, berr2:27.141578674316406
 1541/2000,EPReward: 3.42
Episode 1542/2000, Reward: 1.26, ploss: -32.47261428833008, aloss:-0.2677862048149109, berr1:22.026798248291016, berr2:21.913713455200195
 1542/2000,EPReward: 1.26
Episode 1543/2000, Reward: 2.01, ploss: -39.404380798339844, aloss:-0.2100207358598709, berr1:45.58456802368164, berr2:46.26443099975586
 1543/2000,EPReward: 2.01
Episode 1544/2000, Reward: 6.77, ploss: -36.291412353515625, aloss:-0.2141145020723343, berr1:20.777467727661133, berr2:20.78902244567871
 1544/2000,EPReward: 6.77
Episode 1545/2000, Reward: 4.36, ploss: -44.982383728027344, aloss:-0.16078782081604004, berr1:17.112791061401367, berr2:16.914457321166992
 1545/2000,EPReward: 4.36
Episode 1546/2000, Reward: 0.84, ploss: -35.60443115234375, aloss:-0.1866682916879654, berr1:22.037986755371094, berr2:21.869171142578125
 1546/2000,EPReward: 0.84
Episode 1547/2000, Reward: 1.96, ploss: -35.53178405761719, aloss:-0.1811041682958603, berr1:22.221548080444336, berr2:22.03451919555664
 1547/2000,EPReward: 1.96
Episode 1548/2000, Reward: 1.07, ploss: -40.62666320800781, aloss:-0.14823724329471588, berr1:19.16698455810547, berr2:18.918325424194336
 1548/2000,EPReward: 1.07
Episode 1549/2000, Reward: 1.18, ploss: -37.72358322143555, aloss:-0.1647675633430481, berr1:24.88619041442871, berr2:24.957395553588867
 1549/2000,EPReward: 1.18
Episode 1550/2000, Reward: 6.35, ploss: -35.00177764892578, aloss:-0.18013198673725128, berr1:19.90015983581543, berr2:19.861621856689453
 1550/2000,EPReward: 6.35
Episode 1551/2000, Reward: 3.90, ploss: -40.81013870239258, aloss:-0.1518673449754715, berr1:34.99980163574219, berr2:34.8620719909668
 1551/2000,EPReward: 3.90
Episode 1552/2000, Reward: 6.25, ploss: -37.832096099853516, aloss:-0.16975197196006775, berr1:24.504547119140625, berr2:24.281282424926758
 1552/2000,EPReward: 6.25
Episode 1553/2000, Reward: 8.44, ploss: -33.309017181396484, aloss:-0.21038176119327545, berr1:22.611469268798828, berr2:22.723819732666016
 1553/2000,EPReward: 8.44
Episode 1554/2000, Reward: 3.60, ploss: -40.25187683105469, aloss:-0.1856405884027481, berr1:20.347049713134766, berr2:19.922819137573242
 1554/2000,EPReward: 3.60
Episode 1555/2000, Reward: 5.11, ploss: -34.590328216552734, aloss:-0.2372780293226242, berr1:21.966144561767578, berr2:22.310949325561523
 1555/2000,EPReward: 5.11
Episode 1556/2000, Reward: 7.69, ploss: -39.60015106201172, aloss:-0.24533939361572266, berr1:25.67157554626465, berr2:25.05776596069336
 1556/2000,EPReward: 7.69
Episode 1557/2000, Reward: 4.72, ploss: -44.838226318359375, aloss:-0.22091740369796753, berr1:27.075145721435547, berr2:27.182334899902344
 1557/2000,EPReward: 4.72
Episode 1558/2000, Reward: 0.96, ploss: -36.16937255859375, aloss:-0.28943192958831787, berr1:15.530372619628906, berr2:15.57127857208252
 1558/2000,EPReward: 0.96
Episode 1559/2000, Reward: 3.82, ploss: -35.27778625488281, aloss:-0.31024810671806335, berr1:20.254758834838867, berr2:20.398479461669922
 1559/2000,EPReward: 3.82
Episode 1560/2000, Reward: 5.95, ploss: -39.46430206298828, aloss:-0.28377851843833923, berr1:27.571552276611328, berr2:27.350858688354492
 1560/2000,EPReward: 5.95
Episode 1561/2000, Reward: 5.04, ploss: -43.95644760131836, aloss:-0.2502906322479248, berr1:19.762401580810547, berr2:20.291234970092773
 1561/2000,EPReward: 5.04
Episode 1562/2000, Reward: 5.23, ploss: -33.31549835205078, aloss:-0.3169362246990204, berr1:23.153230667114258, berr2:23.088825225830078
 1562/2000,EPReward: 5.23
Episode 1563/2000, Reward: 1.39, ploss: -37.84128952026367, aloss:-0.2820713520050049, berr1:23.092784881591797, berr2:23.1342716217041
 1563/2000,EPReward: 1.39
Episode 1564/2000, Reward: 5.71, ploss: -38.49616622924805, aloss:-0.2581624686717987, berr1:32.47938919067383, berr2:32.76109313964844
 1564/2000,EPReward: 5.71
Episode 1565/2000, Reward: 5.27, ploss: -38.034095764160156, aloss:-0.27135953307151794, berr1:22.49833869934082, berr2:21.927927017211914
 1565/2000,EPReward: 5.27
Episode 1566/2000, Reward: 4.24, ploss: -39.99462890625, aloss:-0.22638913989067078, berr1:20.986013412475586, berr2:20.60505485534668
 1566/2000,EPReward: 4.24
Episode 1567/2000, Reward: 5.45, ploss: -45.461143493652344, aloss:-0.1968168318271637, berr1:17.1001033782959, berr2:16.980403900146484
 1567/2000,EPReward: 5.45
Episode 1568/2000, Reward: -1.28, ploss: -41.66423797607422, aloss:-0.20669123530387878, berr1:22.824865341186523, berr2:23.332828521728516
 1568/2000,EPReward: -1.28
Episode 1569/2000, Reward: 6.38, ploss: -35.33220672607422, aloss:-0.24626265466213226, berr1:26.493013381958008, berr2:25.64401626586914
 1569/2000,EPReward: 6.38
Episode 1570/2000, Reward: 2.22, ploss: -41.10376739501953, aloss:-0.2048339992761612, berr1:37.00028991699219, berr2:37.04461669921875
 1570/2000,EPReward: 2.22
Episode 1571/2000, Reward: 2.85, ploss: -40.48802947998047, aloss:-0.2028040885925293, berr1:19.10097885131836, berr2:18.90850257873535
 1571/2000,EPReward: 2.85
Episode 1572/2000, Reward: 0.56, ploss: -34.82870101928711, aloss:-0.2398487627506256, berr1:18.898664474487305, berr2:19.06467056274414
 1572/2000,EPReward: 0.56
Episode 1573/2000, Reward: 4.80, ploss: -41.0490608215332, aloss:-0.19864462316036224, berr1:20.310352325439453, berr2:20.348424911499023
 1573/2000,EPReward: 4.80
Episode 1574/2000, Reward: 2.91, ploss: -40.946556091308594, aloss:-0.21646709740161896, berr1:22.69810676574707, berr2:22.176738739013672
 1574/2000,EPReward: 2.91
Episode 1575/2000, Reward: -0.59, ploss: -31.473743438720703, aloss:-0.2883685231208801, berr1:24.936649322509766, berr2:24.898469924926758
 1575/2000,EPReward: -0.59
Episode 1576/2000, Reward: 1.27, ploss: -42.61405563354492, aloss:-0.23687584698200226, berr1:29.10234832763672, berr2:28.566329956054688
 1576/2000,EPReward: 1.27
Episode 1577/2000, Reward: 7.62, ploss: -39.553585052490234, aloss:-0.2724135220050812, berr1:21.829208374023438, berr2:21.67127227783203
 1577/2000,EPReward: 7.62
Episode 1578/2000, Reward: 2.83, ploss: -44.5437126159668, aloss:-0.24388569593429565, berr1:22.150814056396484, berr2:22.28017234802246
 1578/2000,EPReward: 2.83
Episode 1579/2000, Reward: 2.88, ploss: -44.575355529785156, aloss:-0.23707209527492523, berr1:21.808025360107422, berr2:21.412403106689453
 1579/2000,EPReward: 2.88
Episode 1580/2000, Reward: 8.01, ploss: -44.85908126831055, aloss:-0.22378040850162506, berr1:13.465359687805176, berr2:13.45853042602539
 1580/2000,EPReward: 8.01
Episode 1581/2000, Reward: -2.04, ploss: -41.86058807373047, aloss:-0.23011702299118042, berr1:17.34707260131836, berr2:17.183637619018555
 1581/2000,EPReward: -2.04
Episode 1582/2000, Reward: 6.01, ploss: -47.80060958862305, aloss:-0.1829327940940857, berr1:29.156009674072266, berr2:29.04458999633789
 1582/2000,EPReward: 6.01
Episode 1583/2000, Reward: 0.48, ploss: -42.54582595825195, aloss:-0.200359046459198, berr1:19.07396697998047, berr2:19.133052825927734
 1583/2000,EPReward: 0.48
Episode 1584/2000, Reward: 2.57, ploss: -38.15303421020508, aloss:-0.23326483368873596, berr1:18.82443618774414, berr2:18.90303611755371
 1584/2000,EPReward: 2.57
Episode 1585/2000, Reward: -1.21, ploss: -41.437782287597656, aloss:-0.21511226892471313, berr1:16.093360900878906, berr2:15.900657653808594
 1585/2000,EPReward: -1.21
Episode 1586/2000, Reward: 5.99, ploss: -40.11263656616211, aloss:-0.2382340133190155, berr1:20.485027313232422, berr2:19.96628189086914
 1586/2000,EPReward: 5.99
Episode 1587/2000, Reward: 4.56, ploss: -45.51472473144531, aloss:-0.22693166136741638, berr1:14.299331665039062, berr2:13.806894302368164
 1587/2000,EPReward: 4.56
Episode 1588/2000, Reward: 0.97, ploss: -52.009613037109375, aloss:-0.19641318917274475, berr1:16.369855880737305, berr2:16.31528091430664
 1588/2000,EPReward: 0.97
Episode 1589/2000, Reward: 5.17, ploss: -46.771331787109375, aloss:-0.25622639060020447, berr1:15.157828330993652, berr2:14.779882431030273
 1589/2000,EPReward: 5.17
Episode 1590/2000, Reward: 6.59, ploss: -42.22854232788086, aloss:-0.2959258556365967, berr1:27.132278442382812, berr2:26.246231079101562
 1590/2000,EPReward: 6.59
Episode 1591/2000, Reward: 4.22, ploss: -45.459144592285156, aloss:-0.2702116370201111, berr1:14.5136137008667, berr2:14.362811088562012
 1591/2000,EPReward: 4.22
Episode 1592/2000, Reward: 7.67, ploss: -45.17068099975586, aloss:-0.26237037777900696, berr1:32.9779167175293, berr2:33.062843322753906
 1592/2000,EPReward: 7.67
Episode 1593/2000, Reward: 3.80, ploss: -41.208465576171875, aloss:-0.26748213171958923, berr1:17.738872528076172, berr2:17.788705825805664
 1593/2000,EPReward: 3.80
Episode 1594/2000, Reward: 3.86, ploss: -41.68144989013672, aloss:-0.2572442889213562, berr1:18.270294189453125, berr2:18.40126609802246
 1594/2000,EPReward: 3.86
Episode 1595/2000, Reward: 6.56, ploss: -43.37178421020508, aloss:-0.243036150932312, berr1:25.994962692260742, berr2:25.202131271362305
 1595/2000,EPReward: 6.56
Episode 1596/2000, Reward: 1.37, ploss: -46.2791862487793, aloss:-0.21885450184345245, berr1:17.107505798339844, berr2:16.659677505493164
 1596/2000,EPReward: 1.37
Episode 1597/2000, Reward: 0.26, ploss: -42.80971908569336, aloss:-0.23984108865261078, berr1:24.037879943847656, berr2:23.93417739868164
 1597/2000,EPReward: 0.26
Episode 1598/2000, Reward: -1.73, ploss: -44.05792236328125, aloss:-0.21792598068714142, berr1:34.94557189941406, berr2:35.1331672668457
 1598/2000,EPReward: -1.73
Episode 1599/2000, Reward: 1.92, ploss: -42.47740173339844, aloss:-0.21407708525657654, berr1:27.026622772216797, berr2:26.635602951049805
 1599/2000,EPReward: 1.92
Episode 1600/2000, Reward: 1.86, ploss: -41.729827880859375, aloss:-0.22622594237327576, berr1:21.345491409301758, berr2:21.3732852935791
 1600/2000,EPReward: 1.86
Saved checkpoint at episode 1600
Episode 1601/2000, Reward: 3.55, ploss: -44.544212341308594, aloss:-0.18934796750545502, berr1:33.611202239990234, berr2:33.170936584472656
 1601/2000,EPReward: 3.55
Episode 1602/2000, Reward: 4.91, ploss: -41.22868347167969, aloss:-0.21463987231254578, berr1:19.511693954467773, berr2:20.22040367126465
 1602/2000,EPReward: 4.91
Episode 1603/2000, Reward: -0.59, ploss: -40.46826934814453, aloss:-0.23050425946712494, berr1:21.145601272583008, berr2:21.214895248413086
 1603/2000,EPReward: -0.59
Episode 1604/2000, Reward: 2.49, ploss: -43.41180419921875, aloss:-0.21303842961788177, berr1:24.38332748413086, berr2:24.204431533813477
 1604/2000,EPReward: 2.49
Episode 1605/2000, Reward: -0.45, ploss: -42.995243072509766, aloss:-0.22868964076042175, berr1:21.175983428955078, berr2:20.487335205078125
 1605/2000,EPReward: -0.45
Episode 1606/2000, Reward: 4.41, ploss: -47.58980178833008, aloss:-0.22047506272792816, berr1:22.698781967163086, berr2:23.00907325744629
 1606/2000,EPReward: 4.41
Episode 1607/2000, Reward: 2.56, ploss: -43.766483306884766, aloss:-0.261277437210083, berr1:43.90766525268555, berr2:44.70362091064453
 1607/2000,EPReward: 2.56
Episode 1608/2000, Reward: 2.52, ploss: -43.997154235839844, aloss:-0.27460432052612305, berr1:20.241050720214844, berr2:20.097763061523438
 1608/2000,EPReward: 2.52
Episode 1609/2000, Reward: 2.20, ploss: -42.843658447265625, aloss:-0.28995442390441895, berr1:18.123626708984375, berr2:18.220151901245117
 1609/2000,EPReward: 2.20
Episode 1610/2000, Reward: 5.27, ploss: -41.5247917175293, aloss:-0.303234338760376, berr1:38.643882751464844, berr2:38.58481979370117
 1610/2000,EPReward: 5.27
Episode 1611/2000, Reward: 3.67, ploss: -41.09950637817383, aloss:-0.3115982711315155, berr1:16.783632278442383, berr2:17.247358322143555
 1611/2000,EPReward: 3.67
Episode 1612/2000, Reward: 4.30, ploss: -45.66965103149414, aloss:-0.2784954905509949, berr1:38.935298919677734, berr2:38.557308197021484
 1612/2000,EPReward: 4.30
Episode 1613/2000, Reward: 2.89, ploss: -53.053863525390625, aloss:-0.21569567918777466, berr1:11.433944702148438, berr2:11.787546157836914
 1613/2000,EPReward: 2.89
Episode 1614/2000, Reward: -0.79, ploss: -45.338043212890625, aloss:-0.26761069893836975, berr1:19.041671752929688, berr2:18.79507827758789
 1614/2000,EPReward: -0.79
Episode 1615/2000, Reward: 3.34, ploss: -44.964073181152344, aloss:-0.25834062695503235, berr1:17.2896728515625, berr2:17.051259994506836
 1615/2000,EPReward: 3.34
Episode 1616/2000, Reward: 0.51, ploss: -42.29343795776367, aloss:-0.2569151818752289, berr1:36.07545852661133, berr2:35.813507080078125
 1616/2000,EPReward: 0.51
Episode 1617/2000, Reward: 3.47, ploss: -46.829620361328125, aloss:-0.20286737382411957, berr1:18.3216495513916, berr2:18.673587799072266
 1617/2000,EPReward: 3.47
Episode 1618/2000, Reward: 4.50, ploss: -42.92793655395508, aloss:-0.2106274962425232, berr1:21.59747314453125, berr2:21.926410675048828
 1618/2000,EPReward: 4.50
Episode 1619/2000, Reward: 5.43, ploss: -46.545562744140625, aloss:-0.17689868807792664, berr1:19.555919647216797, berr2:19.58644676208496
 1619/2000,EPReward: 5.43
Episode 1620/2000, Reward: 2.45, ploss: -39.793739318847656, aloss:-0.19333401322364807, berr1:20.568988800048828, berr2:21.083641052246094
 1620/2000,EPReward: 2.45
Episode 1621/2000, Reward: 5.85, ploss: -45.71178436279297, aloss:-0.14968982338905334, berr1:17.601425170898438, berr2:17.880817413330078
 1621/2000,EPReward: 5.85
Episode 1622/2000, Reward: 1.35, ploss: -44.00733184814453, aloss:-0.15648332238197327, berr1:17.02872085571289, berr2:16.949352264404297
 1622/2000,EPReward: 1.35
Episode 1623/2000, Reward: 1.24, ploss: -43.77115249633789, aloss:-0.167747363448143, berr1:38.08097457885742, berr2:38.20316696166992
 1623/2000,EPReward: 1.24
Episode 1624/2000, Reward: 8.24, ploss: -45.590938568115234, aloss:-0.15430045127868652, berr1:18.906583786010742, berr2:18.959474563598633
 1624/2000,EPReward: 8.24
Episode 1625/2000, Reward: 8.43, ploss: -47.76192855834961, aloss:-0.16476133465766907, berr1:16.11654281616211, berr2:16.23469352722168
 1625/2000,EPReward: 8.43
Episode 1626/2000, Reward: 4.44, ploss: -49.35540008544922, aloss:-0.16859881579875946, berr1:15.058938026428223, berr2:15.19465446472168
 1626/2000,EPReward: 4.44
Episode 1627/2000, Reward: 2.68, ploss: -49.71939468383789, aloss:-0.18986374139785767, berr1:20.126251220703125, berr2:19.959815979003906
 1627/2000,EPReward: 2.68
Episode 1628/2000, Reward: 3.49, ploss: -38.436859130859375, aloss:-0.29232659935951233, berr1:22.983612060546875, berr2:23.065515518188477
 1628/2000,EPReward: 3.49
Episode 1629/2000, Reward: 5.58, ploss: -42.4474983215332, aloss:-0.2947053611278534, berr1:22.35783576965332, berr2:22.39450454711914
 1629/2000,EPReward: 5.58
Episode 1630/2000, Reward: 2.14, ploss: -52.29780578613281, aloss:-0.23272836208343506, berr1:15.892809867858887, berr2:15.920344352722168
 1630/2000,EPReward: 2.14
Episode 1631/2000, Reward: 6.43, ploss: -45.66410827636719, aloss:-0.2599574029445648, berr1:22.055665969848633, berr2:21.739120483398438
 1631/2000,EPReward: 6.43
Episode 1632/2000, Reward: 7.94, ploss: -45.499969482421875, aloss:-0.2456621527671814, berr1:19.381553649902344, berr2:19.48196792602539
 1632/2000,EPReward: 7.94
Episode 1633/2000, Reward: 4.78, ploss: -42.5078010559082, aloss:-0.25035756826400757, berr1:20.9849853515625, berr2:20.96318817138672
 1633/2000,EPReward: 4.78
Episode 1634/2000, Reward: 1.33, ploss: -41.73645782470703, aloss:-0.23625755310058594, berr1:31.408008575439453, berr2:31.707744598388672
 1634/2000,EPReward: 1.33
Episode 1635/2000, Reward: 8.55, ploss: -48.996768951416016, aloss:-0.17463427782058716, berr1:15.857873916625977, berr2:15.504854202270508
 1635/2000,EPReward: 8.55
Episode 1636/2000, Reward: 1.35, ploss: -41.566959381103516, aloss:-0.21707463264465332, berr1:23.301284790039062, berr2:23.755788803100586
 1636/2000,EPReward: 1.35
Episode 1637/2000, Reward: 5.22, ploss: -39.975486755371094, aloss:-0.23707684874534607, berr1:39.55460739135742, berr2:39.557861328125
 1637/2000,EPReward: 5.22
Episode 1638/2000, Reward: 4.15, ploss: -48.07735061645508, aloss:-0.18494264781475067, berr1:20.35015296936035, berr2:20.83483123779297
 1638/2000,EPReward: 4.15
Episode 1639/2000, Reward: 3.29, ploss: -46.625633239746094, aloss:-0.19855424761772156, berr1:21.23155403137207, berr2:21.17407989501953
 1639/2000,EPReward: 3.29
Episode 1640/2000, Reward: 3.70, ploss: -49.442752838134766, aloss:-0.18573565781116486, berr1:15.100332260131836, berr2:15.07714557647705
 1640/2000,EPReward: 3.70
Episode 1641/2000, Reward: 4.75, ploss: -47.530948638916016, aloss:-0.20436185598373413, berr1:20.876182556152344, berr2:20.569353103637695
 1641/2000,EPReward: 4.75
Episode 1642/2000, Reward: 11.76, ploss: -51.74916076660156, aloss:-0.17567874491214752, berr1:18.08038902282715, berr2:17.825410842895508
 1642/2000,EPReward: 11.76
Episode 1643/2000, Reward: 5.43, ploss: -49.03109359741211, aloss:-0.19089064002037048, berr1:23.849979400634766, berr2:23.3572940826416
 1643/2000,EPReward: 5.43
Episode 1644/2000, Reward: 2.93, ploss: -44.71376037597656, aloss:-0.2499358057975769, berr1:21.52713966369629, berr2:21.00133514404297
 1644/2000,EPReward: 2.93
Episode 1645/2000, Reward: 5.21, ploss: -42.25901412963867, aloss:-0.28534528613090515, berr1:18.209768295288086, berr2:18.051494598388672
 1645/2000,EPReward: 5.21
Episode 1646/2000, Reward: 3.62, ploss: -52.552589416503906, aloss:-0.22105936706066132, berr1:17.649625778198242, berr2:17.067790985107422
 1646/2000,EPReward: 3.62
Episode 1647/2000, Reward: 1.38, ploss: -49.06601333618164, aloss:-0.2909345030784607, berr1:21.446834564208984, berr2:21.460979461669922
 1647/2000,EPReward: 1.38
Episode 1648/2000, Reward: 4.57, ploss: -51.728553771972656, aloss:-0.29168352484703064, berr1:20.6593074798584, berr2:20.207975387573242
 1648/2000,EPReward: 4.57
Episode 1649/2000, Reward: 5.58, ploss: -46.49226760864258, aloss:-0.3765214681625366, berr1:21.789358139038086, berr2:21.224637985229492
 1649/2000,EPReward: 5.58
Episode 1650/2000, Reward: 4.14, ploss: -48.954994201660156, aloss:-0.37041306495666504, berr1:20.67858123779297, berr2:20.768756866455078
 1650/2000,EPReward: 4.14
Episode 1651/2000, Reward: 5.47, ploss: -43.8963623046875, aloss:-0.41435474157333374, berr1:20.105892181396484, berr2:19.576753616333008
 1651/2000,EPReward: 5.47
Episode 1652/2000, Reward: 0.16, ploss: -51.669044494628906, aloss:-0.3193293809890747, berr1:12.405477523803711, berr2:12.19211196899414
 1652/2000,EPReward: 0.16
Episode 1653/2000, Reward: 5.14, ploss: -51.85831069946289, aloss:-0.27366456389427185, berr1:20.91131019592285, berr2:20.742046356201172
 1653/2000,EPReward: 5.14
Episode 1654/2000, Reward: 3.06, ploss: -53.644405364990234, aloss:-0.2230921983718872, berr1:13.292376518249512, berr2:13.051371574401855
 1654/2000,EPReward: 3.06
Episode 1655/2000, Reward: 3.30, ploss: -47.95029830932617, aloss:-0.2365480661392212, berr1:19.33021354675293, berr2:19.125049591064453
 1655/2000,EPReward: 3.30
Episode 1656/2000, Reward: 7.74, ploss: -47.74849319458008, aloss:-0.20767076313495636, berr1:23.004520416259766, berr2:23.13128089904785
 1656/2000,EPReward: 7.74
Episode 1657/2000, Reward: 5.46, ploss: -53.66797637939453, aloss:-0.15164291858673096, berr1:13.051694869995117, berr2:12.963922500610352
 1657/2000,EPReward: 5.46
Episode 1658/2000, Reward: 3.41, ploss: -49.30487823486328, aloss:-0.17944832146167755, berr1:22.595691680908203, berr2:22.155576705932617
 1658/2000,EPReward: 3.41
Episode 1659/2000, Reward: 3.48, ploss: -54.9938850402832, aloss:-0.13698649406433105, berr1:15.188578605651855, berr2:15.400670051574707
 1659/2000,EPReward: 3.48
Episode 1660/2000, Reward: 3.60, ploss: -48.71870040893555, aloss:-0.1849081814289093, berr1:17.722026824951172, berr2:18.28690528869629
 1660/2000,EPReward: 3.60
Episode 1661/2000, Reward: 4.45, ploss: -51.37135314941406, aloss:-0.17166289687156677, berr1:32.206695556640625, berr2:32.16756820678711
 1661/2000,EPReward: 4.45
Episode 1662/2000, Reward: 6.87, ploss: -50.62407302856445, aloss:-0.17744721472263336, berr1:15.972626686096191, berr2:16.287578582763672
 1662/2000,EPReward: 6.87
Episode 1663/2000, Reward: 3.75, ploss: -53.42323303222656, aloss:-0.17117658257484436, berr1:16.45081901550293, berr2:16.064172744750977
 1663/2000,EPReward: 3.75
Episode 1664/2000, Reward: 7.10, ploss: -50.9307861328125, aloss:-0.20955970883369446, berr1:16.837717056274414, berr2:16.564815521240234
 1664/2000,EPReward: 7.10
Episode 1665/2000, Reward: 9.68, ploss: -50.636470794677734, aloss:-0.21898546814918518, berr1:30.545063018798828, berr2:30.543745040893555
 1665/2000,EPReward: 9.68
Episode 1666/2000, Reward: 8.01, ploss: -51.939186096191406, aloss:-0.22013139724731445, berr1:14.814610481262207, berr2:15.108413696289062
 1666/2000,EPReward: 8.01
Episode 1667/2000, Reward: 3.91, ploss: -49.785648345947266, aloss:-0.2564462125301361, berr1:19.27781105041504, berr2:19.13779640197754
 1667/2000,EPReward: 3.91
Episode 1668/2000, Reward: 4.47, ploss: -44.91698455810547, aloss:-0.31922897696495056, berr1:23.444210052490234, berr2:23.0130558013916
 1668/2000,EPReward: 4.47
Episode 1669/2000, Reward: -0.43, ploss: -55.25984191894531, aloss:-0.25540855526924133, berr1:14.274242401123047, berr2:14.118544578552246
 1669/2000,EPReward: -0.43
Episode 1670/2000, Reward: 3.60, ploss: -51.656829833984375, aloss:-0.2953703999519348, berr1:13.738969802856445, berr2:13.543642044067383
 1670/2000,EPReward: 3.60
Episode 1671/2000, Reward: 6.30, ploss: -45.0252799987793, aloss:-0.3292195498943329, berr1:20.563581466674805, berr2:20.318422317504883
 1671/2000,EPReward: 6.30
Episode 1672/2000, Reward: 8.98, ploss: -48.85418701171875, aloss:-0.28282949328422546, berr1:18.600629806518555, berr2:19.304859161376953
 1672/2000,EPReward: 8.98
Episode 1673/2000, Reward: 2.65, ploss: -54.77431106567383, aloss:-0.21026015281677246, berr1:12.480599403381348, berr2:12.496405601501465
 1673/2000,EPReward: 2.65
Episode 1674/2000, Reward: 6.14, ploss: -52.93219757080078, aloss:-0.2023385912179947, berr1:20.17873764038086, berr2:19.87531280517578
 1674/2000,EPReward: 6.14
Episode 1675/2000, Reward: -1.32, ploss: -46.51703643798828, aloss:-0.23112665116786957, berr1:38.66449737548828, berr2:38.287513732910156
 1675/2000,EPReward: -1.32
Episode 1676/2000, Reward: -0.13, ploss: -48.25235366821289, aloss:-0.19463536143302917, berr1:18.9104061126709, berr2:18.98147964477539
 1676/2000,EPReward: -0.13
Episode 1677/2000, Reward: 2.14, ploss: -47.33797836303711, aloss:-0.20817339420318604, berr1:19.178709030151367, berr2:18.885269165039062
 1677/2000,EPReward: 2.14
Episode 1678/2000, Reward: 4.37, ploss: -53.31337356567383, aloss:-0.1601448953151703, berr1:20.369979858398438, berr2:19.768972396850586
 1678/2000,EPReward: 4.37
Episode 1679/2000, Reward: 1.01, ploss: -54.05625534057617, aloss:-0.1581350713968277, berr1:18.664592742919922, berr2:18.47758674621582
 1679/2000,EPReward: 1.01
Episode 1680/2000, Reward: 6.10, ploss: -53.09874725341797, aloss:-0.18948590755462646, berr1:20.134105682373047, berr2:19.810823440551758
 1680/2000,EPReward: 6.10
Episode 1681/2000, Reward: 6.26, ploss: -53.93098068237305, aloss:-0.19251978397369385, berr1:19.244525909423828, berr2:19.26579475402832
 1681/2000,EPReward: 6.26
Episode 1682/2000, Reward: 9.55, ploss: -53.48307800292969, aloss:-0.21063129603862762, berr1:18.64925765991211, berr2:18.160354614257812
 1682/2000,EPReward: 9.55
Episode 1683/2000, Reward: 3.80, ploss: -54.99593734741211, aloss:-0.21897511184215546, berr1:19.00014305114746, berr2:18.753509521484375
 1683/2000,EPReward: 3.80
Episode 1684/2000, Reward: 7.27, ploss: -58.00238037109375, aloss:-0.2214142084121704, berr1:9.97704029083252, berr2:10.480435371398926
 1684/2000,EPReward: 7.27
Episode 1685/2000, Reward: -0.25, ploss: -54.89411544799805, aloss:-0.25124624371528625, berr1:16.508007049560547, berr2:16.91338539123535
 1685/2000,EPReward: -0.25
Episode 1686/2000, Reward: 2.17, ploss: -53.661956787109375, aloss:-0.2696848213672638, berr1:21.064294815063477, berr2:21.096656799316406
 1686/2000,EPReward: 2.17
Episode 1687/2000, Reward: 7.29, ploss: -55.08281707763672, aloss:-0.25137537717819214, berr1:12.930318832397461, berr2:13.09283447265625
 1687/2000,EPReward: 7.29
Episode 1688/2000, Reward: 5.94, ploss: -50.793601989746094, aloss:-0.2635234594345093, berr1:18.506568908691406, berr2:18.910106658935547
 1688/2000,EPReward: 5.94
Episode 1689/2000, Reward: 8.24, ploss: -52.299827575683594, aloss:-0.22231747210025787, berr1:15.177326202392578, berr2:15.210224151611328
 1689/2000,EPReward: 8.24
Episode 1690/2000, Reward: 1.00, ploss: -51.20661926269531, aloss:-0.20288629829883575, berr1:35.4759635925293, berr2:35.138648986816406
 1690/2000,EPReward: 1.00
Episode 1691/2000, Reward: 3.53, ploss: -60.664432525634766, aloss:-0.12189782410860062, berr1:20.77147674560547, berr2:20.732168197631836
 1691/2000,EPReward: 3.53
Episode 1692/2000, Reward: 6.03, ploss: -53.4487419128418, aloss:-0.1660187542438507, berr1:15.020408630371094, berr2:14.491985321044922
 1692/2000,EPReward: 6.03
Episode 1693/2000, Reward: -0.62, ploss: -55.11027908325195, aloss:-0.1493106484413147, berr1:19.057336807250977, berr2:19.219390869140625
 1693/2000,EPReward: -0.62
Episode 1694/2000, Reward: 3.60, ploss: -53.06639862060547, aloss:-0.1602196842432022, berr1:14.966670989990234, berr2:15.179838180541992
 1694/2000,EPReward: 3.60
Episode 1695/2000, Reward: 2.65, ploss: -54.51958465576172, aloss:-0.16367149353027344, berr1:17.399133682250977, berr2:17.304189682006836
 1695/2000,EPReward: 2.65
Episode 1696/2000, Reward: 0.72, ploss: -52.72953796386719, aloss:-0.1713569462299347, berr1:19.027233123779297, berr2:19.082107543945312
 1696/2000,EPReward: 0.72
Episode 1697/2000, Reward: 1.07, ploss: -56.530189514160156, aloss:-0.16309134662151337, berr1:14.649477005004883, berr2:14.816673278808594
 1697/2000,EPReward: 1.07
Episode 1698/2000, Reward: 2.51, ploss: -49.42618942260742, aloss:-0.23326946794986725, berr1:51.282711029052734, berr2:51.528594970703125
 1698/2000,EPReward: 2.51
Episode 1699/2000, Reward: 2.40, ploss: -55.56464767456055, aloss:-0.20176352560520172, berr1:28.028635025024414, berr2:28.324888229370117
 1699/2000,EPReward: 2.40
Episode 1700/2000, Reward: 5.32, ploss: -52.945796966552734, aloss:-0.23367369174957275, berr1:14.548734664916992, berr2:15.231836318969727
 1700/2000,EPReward: 5.32
Saved checkpoint at episode 1700
Episode 1701/2000, Reward: 2.31, ploss: -52.885528564453125, aloss:-0.22551855444908142, berr1:41.20670700073242, berr2:41.642120361328125
 1701/2000,EPReward: 2.31
Episode 1702/2000, Reward: 7.70, ploss: -54.158756256103516, aloss:-0.2249508500099182, berr1:13.088716506958008, berr2:12.901021003723145
 1702/2000,EPReward: 7.70
Episode 1703/2000, Reward: 5.33, ploss: -52.392662048339844, aloss:-0.23432216048240662, berr1:32.78840255737305, berr2:32.84284210205078
 1703/2000,EPReward: 5.33
Episode 1704/2000, Reward: 5.26, ploss: -57.63818359375, aloss:-0.17312581837177277, berr1:14.702982902526855, berr2:15.220664978027344
 1704/2000,EPReward: 5.26
Episode 1705/2000, Reward: 2.60, ploss: -60.80295944213867, aloss:-0.13551907241344452, berr1:13.590047836303711, berr2:13.817517280578613
 1705/2000,EPReward: 2.60
Episode 1706/2000, Reward: 4.84, ploss: -53.140647888183594, aloss:-0.19091403484344482, berr1:15.786358833312988, berr2:15.977272033691406
 1706/2000,EPReward: 4.84
Episode 1707/2000, Reward: 6.36, ploss: -52.680606842041016, aloss:-0.18093430995941162, berr1:19.420616149902344, berr2:19.682619094848633
 1707/2000,EPReward: 6.36
Episode 1708/2000, Reward: -0.27, ploss: -59.04998779296875, aloss:-0.13214746117591858, berr1:15.041770935058594, berr2:15.222628593444824
 1708/2000,EPReward: -0.27
Episode 1709/2000, Reward: 6.71, ploss: -59.0131950378418, aloss:-0.13084687292575836, berr1:11.846981048583984, berr2:11.641890525817871
 1709/2000,EPReward: 6.71
Episode 1710/2000, Reward: 1.11, ploss: -58.49759292602539, aloss:-0.12409357726573944, berr1:17.196367263793945, berr2:17.09287452697754
 1710/2000,EPReward: 1.11
Episode 1711/2000, Reward: 1.62, ploss: -56.56537628173828, aloss:-0.1502898633480072, berr1:13.71790599822998, berr2:14.12234115600586
 1711/2000,EPReward: 1.62
Episode 1712/2000, Reward: 3.42, ploss: -53.90602493286133, aloss:-0.1720430850982666, berr1:16.363788604736328, berr2:16.738662719726562
 1712/2000,EPReward: 3.42
Episode 1713/2000, Reward: -0.19, ploss: -53.232582092285156, aloss:-0.17645294964313507, berr1:18.72684097290039, berr2:18.493083953857422
 1713/2000,EPReward: -0.19
Episode 1714/2000, Reward: -0.11, ploss: -52.904354095458984, aloss:-0.2052687704563141, berr1:15.777650833129883, berr2:16.189369201660156
 1714/2000,EPReward: -0.11
Episode 1715/2000, Reward: 4.03, ploss: -54.830718994140625, aloss:-0.21246442198753357, berr1:36.110565185546875, berr2:36.04164505004883
 1715/2000,EPReward: 4.03
Episode 1716/2000, Reward: 3.61, ploss: -54.881019592285156, aloss:-0.2392246425151825, berr1:17.259260177612305, berr2:17.052223205566406
 1716/2000,EPReward: 3.61
Episode 1717/2000, Reward: -0.17, ploss: -53.52431106567383, aloss:-0.26558953523635864, berr1:37.555599212646484, berr2:37.33642578125
 1717/2000,EPReward: -0.17
Episode 1718/2000, Reward: 2.37, ploss: -61.53871536254883, aloss:-0.20462898910045624, berr1:15.26488971710205, berr2:16.024456024169922
 1718/2000,EPReward: 2.37
Episode 1719/2000, Reward: 4.67, ploss: -55.84823989868164, aloss:-0.22318047285079956, berr1:18.212238311767578, berr2:18.024574279785156
 1719/2000,EPReward: 4.67
Episode 1720/2000, Reward: 2.36, ploss: -57.88105010986328, aloss:-0.19476881623268127, berr1:16.941713333129883, berr2:17.385276794433594
 1720/2000,EPReward: 2.36
Episode 1721/2000, Reward: 0.84, ploss: -54.6921272277832, aloss:-0.1881701648235321, berr1:15.04881477355957, berr2:14.880501747131348
 1721/2000,EPReward: 0.84
Episode 1722/2000, Reward: 1.56, ploss: -57.49070739746094, aloss:-0.1577150672674179, berr1:15.54013729095459, berr2:15.781694412231445
 1722/2000,EPReward: 1.56
Episode 1723/2000, Reward: 0.97, ploss: -54.592002868652344, aloss:-0.156449094414711, berr1:17.271352767944336, berr2:17.140457153320312
 1723/2000,EPReward: 0.97
Episode 1724/2000, Reward: 5.19, ploss: -54.22880554199219, aloss:-0.15980742871761322, berr1:13.603960990905762, berr2:13.590230941772461
 1724/2000,EPReward: 5.19
Episode 1725/2000, Reward: 1.74, ploss: -54.86183547973633, aloss:-0.15080401301383972, berr1:12.704578399658203, berr2:12.75857162475586
 1725/2000,EPReward: 1.74
Episode 1726/2000, Reward: 6.33, ploss: -57.964263916015625, aloss:-0.12408697605133057, berr1:23.088438034057617, berr2:22.991634368896484
 1726/2000,EPReward: 6.33
Episode 1727/2000, Reward: 3.32, ploss: -58.064186096191406, aloss:-0.13130147755146027, berr1:12.51594352722168, berr2:12.549027442932129
 1727/2000,EPReward: 3.32
Episode 1728/2000, Reward: 4.13, ploss: -61.58466720581055, aloss:-0.12564851343631744, berr1:10.71478271484375, berr2:11.1510648727417
 1728/2000,EPReward: 4.13
Episode 1729/2000, Reward: 4.56, ploss: -61.93437194824219, aloss:-0.134989395737648, berr1:12.626922607421875, berr2:12.352697372436523
 1729/2000,EPReward: 4.56
Episode 1730/2000, Reward: 7.90, ploss: -62.71971893310547, aloss:-0.14901462197303772, berr1:10.13566780090332, berr2:10.572419166564941
 1730/2000,EPReward: 7.90
Episode 1731/2000, Reward: 2.03, ploss: -57.22652816772461, aloss:-0.2001299411058426, berr1:12.650830268859863, berr2:12.59792423248291
 1731/2000,EPReward: 2.03
Episode 1732/2000, Reward: 1.29, ploss: -58.01545715332031, aloss:-0.21623046696186066, berr1:32.861331939697266, berr2:32.903873443603516
 1732/2000,EPReward: 1.29
Episode 1733/2000, Reward: 7.84, ploss: -60.51799011230469, aloss:-0.20667977631092072, berr1:10.782379150390625, berr2:10.898477554321289
 1733/2000,EPReward: 7.84
Episode 1734/2000, Reward: 7.41, ploss: -65.06427764892578, aloss:-0.18701940774917603, berr1:7.22499942779541, berr2:7.05842399597168
 1734/2000,EPReward: 7.41
Episode 1735/2000, Reward: 3.94, ploss: -60.78919219970703, aloss:-0.23965051770210266, berr1:12.466185569763184, berr2:12.584121704101562
 1735/2000,EPReward: 3.94
Episode 1736/2000, Reward: 0.12, ploss: -59.65679931640625, aloss:-0.25551003217697144, berr1:35.84226989746094, berr2:35.75484848022461
 1736/2000,EPReward: 0.12
Episode 1737/2000, Reward: 4.83, ploss: -61.51750183105469, aloss:-0.22848761081695557, berr1:12.928488731384277, berr2:13.136974334716797
 1737/2000,EPReward: 4.83
Episode 1738/2000, Reward: 4.34, ploss: -58.784584045410156, aloss:-0.2367665022611618, berr1:10.476036071777344, berr2:10.714227676391602
 1738/2000,EPReward: 4.34
Episode 1739/2000, Reward: 6.10, ploss: -59.324546813964844, aloss:-0.2091744840145111, berr1:18.885568618774414, berr2:19.360504150390625
 1739/2000,EPReward: 6.10
Episode 1740/2000, Reward: 2.28, ploss: -55.063323974609375, aloss:-0.21705399453639984, berr1:13.3801908493042, berr2:13.574647903442383
 1740/2000,EPReward: 2.28
Episode 1741/2000, Reward: 4.95, ploss: -64.97626495361328, aloss:-0.13418026268482208, berr1:33.482444763183594, berr2:33.22542953491211
 1741/2000,EPReward: 4.95
Episode 1742/2000, Reward: 6.47, ploss: -61.5673828125, aloss:-0.13498961925506592, berr1:32.24441909790039, berr2:31.936445236206055
 1742/2000,EPReward: 6.47
Episode 1743/2000, Reward: 0.72, ploss: -52.46037292480469, aloss:-0.19875973463058472, berr1:15.667366027832031, berr2:15.770635604858398
 1743/2000,EPReward: 0.72
Episode 1744/2000, Reward: 6.47, ploss: -64.09817504882812, aloss:-0.1135995090007782, berr1:12.013096809387207, berr2:11.72206974029541
 1744/2000,EPReward: 6.47
Episode 1745/2000, Reward: 11.75, ploss: -61.87977981567383, aloss:-0.12296073138713837, berr1:10.443397521972656, berr2:10.259446144104004
 1745/2000,EPReward: 11.75
Episode 1746/2000, Reward: 5.74, ploss: -54.27391815185547, aloss:-0.1968776285648346, berr1:21.156574249267578, berr2:21.305070877075195
 1746/2000,EPReward: 5.74
Episode 1747/2000, Reward: 6.57, ploss: -57.70075988769531, aloss:-0.16907013952732086, berr1:18.861900329589844, berr2:19.213157653808594
 1747/2000,EPReward: 6.57
Episode 1748/2000, Reward: 1.60, ploss: -68.96207427978516, aloss:-0.10751672089099884, berr1:12.050293922424316, berr2:11.750186920166016
 1748/2000,EPReward: 1.60
Episode 1749/2000, Reward: 4.11, ploss: -62.48284912109375, aloss:-0.17953245341777802, berr1:15.72649097442627, berr2:15.594988822937012
 1749/2000,EPReward: 4.11
Episode 1750/2000, Reward: -0.21, ploss: -59.0030632019043, aloss:-0.24994204938411713, berr1:15.169591903686523, berr2:15.020480155944824
 1750/2000,EPReward: -0.21
Episode 1751/2000, Reward: 4.81, ploss: -62.660797119140625, aloss:-0.2580215632915497, berr1:31.680761337280273, berr2:31.53944206237793
 1751/2000,EPReward: 4.81
Episode 1752/2000, Reward: 7.20, ploss: -64.17717742919922, aloss:-0.28053295612335205, berr1:13.563779830932617, berr2:13.811800956726074
 1752/2000,EPReward: 7.20
Episode 1753/2000, Reward: 4.00, ploss: -58.964996337890625, aloss:-0.3008934259414673, berr1:14.731351852416992, berr2:14.558758735656738
 1753/2000,EPReward: 4.00
Episode 1754/2000, Reward: 3.59, ploss: -55.73085021972656, aloss:-0.2905445992946625, berr1:18.337936401367188, berr2:18.356184005737305
 1754/2000,EPReward: 3.59
Episode 1755/2000, Reward: 1.51, ploss: -63.10728454589844, aloss:-0.19141781330108643, berr1:9.413779258728027, berr2:9.417043685913086
 1755/2000,EPReward: 1.51
Episode 1756/2000, Reward: 5.55, ploss: -61.213897705078125, aloss:-0.17718835175037384, berr1:54.63603210449219, berr2:54.793155670166016
 1756/2000,EPReward: 5.55
Episode 1757/2000, Reward: 7.15, ploss: -62.27521514892578, aloss:-0.15560409426689148, berr1:35.65786361694336, berr2:35.544368743896484
 1757/2000,EPReward: 7.15
Episode 1758/2000, Reward: 8.10, ploss: -62.08045196533203, aloss:-0.13017655909061432, berr1:12.68459415435791, berr2:12.812156677246094
 1758/2000,EPReward: 8.10
Episode 1759/2000, Reward: 3.81, ploss: -63.66231918334961, aloss:-0.11736242473125458, berr1:14.539850234985352, berr2:14.820268630981445
 1759/2000,EPReward: 3.81
Episode 1760/2000, Reward: 3.69, ploss: -65.61068725585938, aloss:-0.09512841701507568, berr1:13.341388702392578, berr2:13.422539710998535
 1760/2000,EPReward: 3.69
Episode 1761/2000, Reward: 4.20, ploss: -65.287353515625, aloss:-0.10782333463430405, berr1:9.519962310791016, berr2:9.604398727416992
 1761/2000,EPReward: 4.20
Episode 1762/2000, Reward: 3.33, ploss: -61.4739875793457, aloss:-0.13761161267757416, berr1:12.762721061706543, berr2:12.754645347595215
 1762/2000,EPReward: 3.33
Episode 1763/2000, Reward: -0.50, ploss: -64.54656219482422, aloss:-0.11166881024837494, berr1:13.40771770477295, berr2:13.089045524597168
 1763/2000,EPReward: -0.50
Episode 1764/2000, Reward: 8.01, ploss: -60.16737747192383, aloss:-0.13711988925933838, berr1:42.3399543762207, berr2:42.3239860534668
 1764/2000,EPReward: 8.01
Episode 1765/2000, Reward: 3.83, ploss: -59.42728042602539, aloss:-0.1566941738128662, berr1:18.464794158935547, berr2:17.960756301879883
 1765/2000,EPReward: 3.83
Episode 1766/2000, Reward: 2.32, ploss: -69.26830291748047, aloss:-0.08668557554483414, berr1:6.555099964141846, berr2:6.719547748565674
 1766/2000,EPReward: 2.32
Episode 1767/2000, Reward: 5.34, ploss: -62.83951187133789, aloss:-0.1463582068681717, berr1:12.230761528015137, berr2:12.743677139282227
 1767/2000,EPReward: 5.34
Episode 1768/2000, Reward: 3.72, ploss: -66.00071716308594, aloss:-0.14461956918239594, berr1:8.961066246032715, berr2:9.36561393737793
 1768/2000,EPReward: 3.72
Episode 1769/2000, Reward: 5.88, ploss: -69.75474548339844, aloss:-0.12999993562698364, berr1:10.637834548950195, berr2:10.513655662536621
 1769/2000,EPReward: 5.88
Episode 1770/2000, Reward: 8.83, ploss: -62.31536102294922, aloss:-0.19044992327690125, berr1:16.552392959594727, berr2:16.67461395263672
 1770/2000,EPReward: 8.83
Episode 1771/2000, Reward: 5.04, ploss: -67.83132934570312, aloss:-0.15968509018421173, berr1:9.415013313293457, berr2:9.367809295654297
 1771/2000,EPReward: 5.04
Episode 1772/2000, Reward: 6.24, ploss: -64.4769287109375, aloss:-0.21641117334365845, berr1:8.676018714904785, berr2:8.665820121765137
 1772/2000,EPReward: 6.24
Episode 1773/2000, Reward: 6.08, ploss: -67.16217803955078, aloss:-0.18117907643318176, berr1:12.40517807006836, berr2:12.600812911987305
 1773/2000,EPReward: 6.08
Episode 1774/2000, Reward: 7.05, ploss: -61.47673416137695, aloss:-0.23861892521381378, berr1:11.32105541229248, berr2:11.595190048217773
 1774/2000,EPReward: 7.05
Episode 1775/2000, Reward: 5.81, ploss: -62.02239990234375, aloss:-0.2360757738351822, berr1:13.918438911437988, berr2:13.822530746459961
 1775/2000,EPReward: 5.81
Episode 1776/2000, Reward: 2.14, ploss: -65.3436050415039, aloss:-0.1851709932088852, berr1:12.497613906860352, berr2:12.651922225952148
 1776/2000,EPReward: 2.14
Episode 1777/2000, Reward: 1.75, ploss: -65.33415222167969, aloss:-0.18267934024333954, berr1:11.947054862976074, berr2:11.6762056350708
 1777/2000,EPReward: 1.75
Episode 1778/2000, Reward: 9.52, ploss: -67.0520248413086, aloss:-0.16078397631645203, berr1:7.591933250427246, berr2:7.788506031036377
 1778/2000,EPReward: 9.52
Episode 1779/2000, Reward: 8.63, ploss: -61.19172668457031, aloss:-0.19641055166721344, berr1:14.248882293701172, berr2:14.36008071899414
 1779/2000,EPReward: 8.63
Episode 1780/2000, Reward: 4.90, ploss: -66.41026306152344, aloss:-0.14063811302185059, berr1:41.41985321044922, berr2:41.79344177246094
 1780/2000,EPReward: 4.90
Episode 1781/2000, Reward: 3.94, ploss: -64.81373596191406, aloss:-0.14361217617988586, berr1:35.211673736572266, berr2:35.14242172241211
 1781/2000,EPReward: 3.94
Episode 1782/2000, Reward: 1.73, ploss: -65.0725326538086, aloss:-0.12318956106901169, berr1:33.98454666137695, berr2:33.557193756103516
 1782/2000,EPReward: 1.73
Episode 1783/2000, Reward: 6.46, ploss: -64.9768295288086, aloss:-0.1244753748178482, berr1:11.608715057373047, berr2:12.01172161102295
 1783/2000,EPReward: 6.46
Episode 1784/2000, Reward: 5.67, ploss: -60.888023376464844, aloss:-0.1573513299226761, berr1:17.306583404541016, berr2:17.179882049560547
 1784/2000,EPReward: 5.67
Episode 1785/2000, Reward: 6.77, ploss: -64.15393829345703, aloss:-0.14322136342525482, berr1:20.66274070739746, berr2:20.325815200805664
 1785/2000,EPReward: 6.77
Episode 1786/2000, Reward: 5.40, ploss: -67.80289459228516, aloss:-0.12119508534669876, berr1:12.975838661193848, berr2:13.033727645874023
 1786/2000,EPReward: 5.40
Episode 1787/2000, Reward: 3.24, ploss: -66.29287719726562, aloss:-0.15846285223960876, berr1:10.63845157623291, berr2:10.833855628967285
 1787/2000,EPReward: 3.24
Episode 1788/2000, Reward: 4.73, ploss: -63.62555694580078, aloss:-0.19266992807388306, berr1:35.36773681640625, berr2:35.81907272338867
 1788/2000,EPReward: 4.73
Episode 1789/2000, Reward: 2.99, ploss: -67.79142761230469, aloss:-0.15581674873828888, berr1:22.49368667602539, berr2:22.00145721435547
 1789/2000,EPReward: 2.99
Episode 1790/2000, Reward: 4.92, ploss: -70.24408721923828, aloss:-0.1409011334180832, berr1:11.926268577575684, berr2:11.938802719116211
 1790/2000,EPReward: 4.92
Episode 1791/2000, Reward: 6.29, ploss: -70.082763671875, aloss:-0.16940999031066895, berr1:34.9019775390625, berr2:34.690895080566406
 1791/2000,EPReward: 6.29
Episode 1792/2000, Reward: 3.79, ploss: -62.73048400878906, aloss:-0.2493005394935608, berr1:13.725379943847656, berr2:13.986016273498535
 1792/2000,EPReward: 3.79
Episode 1793/2000, Reward: 6.23, ploss: -61.24793243408203, aloss:-0.27380019426345825, berr1:40.53791809082031, berr2:40.27242660522461
 1793/2000,EPReward: 6.23
Episode 1794/2000, Reward: 1.50, ploss: -64.12939453125, aloss:-0.23746877908706665, berr1:12.096495628356934, berr2:11.835009574890137
 1794/2000,EPReward: 1.50
Episode 1795/2000, Reward: 6.81, ploss: -70.83262634277344, aloss:-0.14697353541851044, berr1:9.411585807800293, berr2:9.302230834960938
 1795/2000,EPReward: 6.81
Episode 1796/2000, Reward: 5.03, ploss: -70.80327606201172, aloss:-0.1381729394197464, berr1:12.628347396850586, berr2:12.49389362335205
 1796/2000,EPReward: 5.03
Episode 1797/2000, Reward: 5.88, ploss: -70.85518646240234, aloss:-0.12683916091918945, berr1:10.453325271606445, berr2:10.931609153747559
 1797/2000,EPReward: 5.88
Episode 1798/2000, Reward: 4.86, ploss: -68.49884796142578, aloss:-0.1183905303478241, berr1:11.329473495483398, berr2:11.652460098266602
 1798/2000,EPReward: 4.86
Episode 1799/2000, Reward: 2.93, ploss: -69.65231323242188, aloss:-0.09783880412578583, berr1:12.600991249084473, berr2:13.030211448669434
 1799/2000,EPReward: 2.93
Episode 1800/2000, Reward: -0.51, ploss: -69.50505828857422, aloss:-0.08121433109045029, berr1:10.371439933776855, berr2:10.300246238708496
 1800/2000,EPReward: -0.51
Saved checkpoint at episode 1800
Episode 1801/2000, Reward: 2.03, ploss: -68.74632263183594, aloss:-0.0751509740948677, berr1:9.734275817871094, berr2:9.791844367980957
 1801/2000,EPReward: 2.03
Episode 1802/2000, Reward: 5.41, ploss: -61.79450607299805, aloss:-0.09308483451604843, berr1:38.063316345214844, berr2:37.789695739746094
 1802/2000,EPReward: 5.41
Episode 1803/2000, Reward: 4.87, ploss: -66.78778076171875, aloss:-0.08909415453672409, berr1:11.701034545898438, berr2:11.511150360107422
 1803/2000,EPReward: 4.87
Episode 1804/2000, Reward: 6.88, ploss: -71.12366485595703, aloss:-0.06402642279863358, berr1:10.726245880126953, berr2:10.686324119567871
 1804/2000,EPReward: 6.88
Episode 1805/2000, Reward: 1.91, ploss: -67.31832885742188, aloss:-0.09167071431875229, berr1:16.664356231689453, berr2:16.283348083496094
 1805/2000,EPReward: 1.91
Episode 1806/2000, Reward: 0.07, ploss: -70.88677978515625, aloss:-0.059804804623126984, berr1:9.016558647155762, berr2:9.100359916687012
 1806/2000,EPReward: 0.07
Episode 1807/2000, Reward: 8.89, ploss: -75.41336059570312, aloss:-0.058953024446964264, berr1:23.034818649291992, berr2:23.488147735595703
 1807/2000,EPReward: 8.89
Episode 1808/2000, Reward: -0.32, ploss: -68.62812042236328, aloss:-0.09693567454814911, berr1:11.390181541442871, berr2:11.59194564819336
 1808/2000,EPReward: -0.32
Episode 1809/2000, Reward: 1.69, ploss: -70.97577667236328, aloss:-0.09197421371936798, berr1:11.674522399902344, berr2:11.969130516052246
 1809/2000,EPReward: 1.69
Episode 1810/2000, Reward: 4.56, ploss: -69.53971862792969, aloss:-0.11083915829658508, berr1:39.591888427734375, berr2:39.03127670288086
 1810/2000,EPReward: 4.56
Episode 1811/2000, Reward: 1.61, ploss: -70.52115631103516, aloss:-0.1168864518404007, berr1:10.179632186889648, berr2:10.50825309753418
 1811/2000,EPReward: 1.61
Episode 1812/2000, Reward: 3.90, ploss: -67.37680053710938, aloss:-0.1636015623807907, berr1:14.288740158081055, berr2:14.426520347595215
 1812/2000,EPReward: 3.90
Episode 1813/2000, Reward: 3.79, ploss: -71.37259674072266, aloss:-0.1503559648990631, berr1:37.741451263427734, berr2:37.646942138671875
 1813/2000,EPReward: 3.79
Episode 1814/2000, Reward: 4.35, ploss: -69.39447021484375, aloss:-0.1892070770263672, berr1:9.402641296386719, berr2:9.368546485900879
 1814/2000,EPReward: 4.35
Episode 1815/2000, Reward: 6.59, ploss: -64.51668548583984, aloss:-0.22716543078422546, berr1:10.87578010559082, berr2:11.178296089172363
 1815/2000,EPReward: 6.59
Episode 1816/2000, Reward: 5.13, ploss: -74.85429382324219, aloss:-0.14164593815803528, berr1:7.448478698730469, berr2:7.613509654998779
 1816/2000,EPReward: 5.13
Episode 1817/2000, Reward: 9.10, ploss: -70.19782257080078, aloss:-0.15983879566192627, berr1:15.092764854431152, berr2:15.39719295501709
 1817/2000,EPReward: 9.10
Episode 1818/2000, Reward: 4.92, ploss: -72.70233154296875, aloss:-0.12297509610652924, berr1:10.700552940368652, berr2:11.062440872192383
 1818/2000,EPReward: 4.92
Episode 1819/2000, Reward: 7.55, ploss: -70.83670043945312, aloss:-0.12332740426063538, berr1:9.33134651184082, berr2:9.566133499145508
 1819/2000,EPReward: 7.55
Episode 1820/2000, Reward: 0.35, ploss: -61.52402877807617, aloss:-0.17447128891944885, berr1:45.23309326171875, berr2:45.48847198486328
 1820/2000,EPReward: 0.35
Episode 1821/2000, Reward: 4.12, ploss: -70.57481384277344, aloss:-0.10438913106918335, berr1:27.543743133544922, berr2:27.549623489379883
 1821/2000,EPReward: 4.12
Episode 1822/2000, Reward: 6.21, ploss: -75.6044921875, aloss:-0.0669151246547699, berr1:30.767393112182617, berr2:30.65274429321289
 1822/2000,EPReward: 6.21
Episode 1823/2000, Reward: 8.18, ploss: -70.77162170410156, aloss:-0.08780035376548767, berr1:8.243949890136719, berr2:7.948853492736816
 1823/2000,EPReward: 8.18
Episode 1824/2000, Reward: 3.08, ploss: -69.02961730957031, aloss:-0.10656699538230896, berr1:8.400279998779297, berr2:8.147829055786133
 1824/2000,EPReward: 3.08
Episode 1825/2000, Reward: 4.09, ploss: -70.27581024169922, aloss:-0.08234342187643051, berr1:7.536890029907227, berr2:7.8386335372924805
 1825/2000,EPReward: 4.09
Episode 1826/2000, Reward: 4.66, ploss: -69.11636352539062, aloss:-0.07637224346399307, berr1:95.95148468017578, berr2:96.01888275146484
 1826/2000,EPReward: 4.66
Episode 1827/2000, Reward: 3.21, ploss: -72.2683334350586, aloss:-0.06875351071357727, berr1:11.488150596618652, berr2:11.138049125671387
 1827/2000,EPReward: 3.21
Episode 1828/2000, Reward: 2.52, ploss: -69.78616333007812, aloss:-0.08537082374095917, berr1:12.195632934570312, berr2:12.01568603515625
 1828/2000,EPReward: 2.52
Episode 1829/2000, Reward: 4.11, ploss: -69.7886962890625, aloss:-0.09004184603691101, berr1:37.276634216308594, berr2:38.041534423828125
 1829/2000,EPReward: 4.11
Episode 1830/2000, Reward: 1.42, ploss: -73.57862854003906, aloss:-0.07032393664121628, berr1:8.970410346984863, berr2:9.001124382019043
 1830/2000,EPReward: 1.42
Episode 1831/2000, Reward: -0.76, ploss: -73.87047576904297, aloss:-0.07809287309646606, berr1:10.918278694152832, berr2:10.99394416809082
 1831/2000,EPReward: -0.76
Episode 1832/2000, Reward: 6.91, ploss: -68.27120971679688, aloss:-0.13328318297863007, berr1:13.226402282714844, berr2:13.205253601074219
 1832/2000,EPReward: 6.91
Episode 1833/2000, Reward: 4.62, ploss: -68.89055633544922, aloss:-0.14234112203121185, berr1:10.1420316696167, berr2:10.498329162597656
 1833/2000,EPReward: 4.62
Episode 1834/2000, Reward: 6.21, ploss: -73.21086883544922, aloss:-0.11295967549085617, berr1:32.557186126708984, berr2:32.97797775268555
 1834/2000,EPReward: 6.21
Episode 1835/2000, Reward: 8.10, ploss: -68.42573547363281, aloss:-0.155103400349617, berr1:17.719688415527344, berr2:18.234838485717773
 1835/2000,EPReward: 8.10
Episode 1836/2000, Reward: 6.75, ploss: -71.03988647460938, aloss:-0.1334967017173767, berr1:10.282551765441895, berr2:10.576286315917969
 1836/2000,EPReward: 6.75
Episode 1837/2000, Reward: 5.95, ploss: -71.1528091430664, aloss:-0.1535971462726593, berr1:7.970246315002441, berr2:8.313823699951172
 1837/2000,EPReward: 5.95
Episode 1838/2000, Reward: 5.86, ploss: -75.49636840820312, aloss:-0.11456169933080673, berr1:8.863759994506836, berr2:9.082268714904785
 1838/2000,EPReward: 5.86
Episode 1839/2000, Reward: 1.46, ploss: -70.32518005371094, aloss:-0.18324363231658936, berr1:13.052303314208984, berr2:12.596181869506836
 1839/2000,EPReward: 1.46
Episode 1840/2000, Reward: 5.00, ploss: -74.93270874023438, aloss:-0.13124632835388184, berr1:8.953548431396484, berr2:8.943436622619629
 1840/2000,EPReward: 5.00
Episode 1841/2000, Reward: 5.03, ploss: -74.32849884033203, aloss:-0.15079104900360107, berr1:36.988582611083984, berr2:36.94096374511719
 1841/2000,EPReward: 5.03
Episode 1842/2000, Reward: 1.72, ploss: -75.6236343383789, aloss:-0.14355331659317017, berr1:9.89039134979248, berr2:9.959012985229492
 1842/2000,EPReward: 1.72
Episode 1843/2000, Reward: 5.39, ploss: -68.03984069824219, aloss:-0.2129993438720703, berr1:39.59625244140625, berr2:39.14376449584961
 1843/2000,EPReward: 5.39
Episode 1844/2000, Reward: 2.24, ploss: -70.047119140625, aloss:-0.17791491746902466, berr1:11.80930233001709, berr2:11.587272644042969
 1844/2000,EPReward: 2.24
Episode 1845/2000, Reward: 6.11, ploss: -72.06925201416016, aloss:-0.14465126395225525, berr1:10.983978271484375, berr2:11.43008804321289
 1845/2000,EPReward: 6.11
Episode 1846/2000, Reward: 0.38, ploss: -75.14956665039062, aloss:-0.1323273479938507, berr1:7.766437530517578, berr2:7.83935022354126
 1846/2000,EPReward: 0.38
Episode 1847/2000, Reward: 2.14, ploss: -67.10140991210938, aloss:-0.2124365121126175, berr1:10.737500190734863, berr2:10.66380500793457
 1847/2000,EPReward: 2.14
Episode 1848/2000, Reward: 3.32, ploss: -72.36514282226562, aloss:-0.15254303812980652, berr1:40.81986999511719, berr2:40.82210159301758
 1848/2000,EPReward: 3.32
Episode 1849/2000, Reward: 5.84, ploss: -71.73954772949219, aloss:-0.17489440739154816, berr1:8.403507232666016, berr2:8.51032829284668
 1849/2000,EPReward: 5.84
Episode 1850/2000, Reward: 1.52, ploss: -74.92548370361328, aloss:-0.15528206527233124, berr1:6.514695644378662, berr2:6.268641948699951
 1850/2000,EPReward: 1.52
Episode 1851/2000, Reward: 0.84, ploss: -75.9521255493164, aloss:-0.13562095165252686, berr1:6.9509968757629395, berr2:6.969972133636475
 1851/2000,EPReward: 0.84
Episode 1852/2000, Reward: 3.55, ploss: -68.3919677734375, aloss:-0.1913968026638031, berr1:16.113725662231445, berr2:16.31367301940918
 1852/2000,EPReward: 3.55
Episode 1853/2000, Reward: -0.01, ploss: -69.42304229736328, aloss:-0.1906682699918747, berr1:14.066949844360352, berr2:13.822537422180176
 1853/2000,EPReward: -0.01
Episode 1854/2000, Reward: 6.46, ploss: -78.66744995117188, aloss:-0.1019938588142395, berr1:27.643680572509766, berr2:27.403423309326172
 1854/2000,EPReward: 6.46
Episode 1855/2000, Reward: 9.97, ploss: -73.90369415283203, aloss:-0.136710062623024, berr1:9.366552352905273, berr2:9.564778327941895
 1855/2000,EPReward: 9.97
Episode 1856/2000, Reward: 1.99, ploss: -71.42359924316406, aloss:-0.1536366492509842, berr1:12.224651336669922, berr2:12.037996292114258
 1856/2000,EPReward: 1.99
Episode 1857/2000, Reward: 4.73, ploss: -78.62600708007812, aloss:-0.10775727033615112, berr1:6.612663269042969, berr2:6.359807968139648
 1857/2000,EPReward: 4.73
Episode 1858/2000, Reward: 3.91, ploss: -78.7796401977539, aloss:-0.11447903513908386, berr1:8.435651779174805, berr2:8.543689727783203
 1858/2000,EPReward: 3.91
Episode 1859/2000, Reward: 8.41, ploss: -73.89046478271484, aloss:-0.16050845384597778, berr1:7.641049385070801, berr2:7.671138763427734
 1859/2000,EPReward: 8.41
Episode 1860/2000, Reward: 5.50, ploss: -78.33119201660156, aloss:-0.12193133682012558, berr1:13.58106803894043, berr2:13.778430938720703
 1860/2000,EPReward: 5.50
Episode 1861/2000, Reward: 6.57, ploss: -78.48536682128906, aloss:-0.12178361415863037, berr1:8.251701354980469, berr2:8.227685928344727
 1861/2000,EPReward: 6.57
Episode 1862/2000, Reward: -0.58, ploss: -76.0464859008789, aloss:-0.13702313601970673, berr1:7.03349494934082, berr2:6.776669025421143
 1862/2000,EPReward: -0.58
Episode 1863/2000, Reward: 2.12, ploss: -74.5716781616211, aloss:-0.14341183006763458, berr1:10.13843059539795, berr2:10.316713333129883
 1863/2000,EPReward: 2.12
Episode 1864/2000, Reward: 8.29, ploss: -77.23927307128906, aloss:-0.13318714499473572, berr1:6.225640296936035, berr2:6.254920959472656
 1864/2000,EPReward: 8.29
Episode 1865/2000, Reward: 2.28, ploss: -74.87960815429688, aloss:-0.14737586677074432, berr1:9.697839736938477, berr2:9.763943672180176
 1865/2000,EPReward: 2.28
Episode 1866/2000, Reward: 1.81, ploss: -78.1853256225586, aloss:-0.13527196645736694, berr1:6.823678493499756, berr2:6.641019821166992
 1866/2000,EPReward: 1.81
Episode 1867/2000, Reward: -0.64, ploss: -79.21417236328125, aloss:-0.1246405690908432, berr1:8.507818222045898, berr2:8.685147285461426
 1867/2000,EPReward: -0.64
Episode 1868/2000, Reward: 3.24, ploss: -74.93441772460938, aloss:-0.15370085835456848, berr1:15.019947052001953, berr2:14.981993675231934
 1868/2000,EPReward: 3.24
Episode 1869/2000, Reward: 5.87, ploss: -73.40342712402344, aloss:-0.16681310534477234, berr1:10.093257904052734, berr2:10.393332481384277
 1869/2000,EPReward: 5.87
Episode 1870/2000, Reward: 6.94, ploss: -79.71472930908203, aloss:-0.10848449170589447, berr1:35.30744934082031, berr2:35.43548583984375
 1870/2000,EPReward: 6.94
Episode 1871/2000, Reward: 2.46, ploss: -80.50605010986328, aloss:-0.08750253915786743, berr1:6.807770252227783, berr2:6.745977878570557
 1871/2000,EPReward: 2.46
Episode 1872/2000, Reward: 3.99, ploss: -81.04222106933594, aloss:-0.07479832321405411, berr1:30.170764923095703, berr2:30.215139389038086
 1872/2000,EPReward: 3.99
Episode 1873/2000, Reward: 2.71, ploss: -78.84349060058594, aloss:-0.08334287256002426, berr1:6.258242607116699, berr2:6.249545574188232
 1873/2000,EPReward: 2.71
Episode 1874/2000, Reward: 1.35, ploss: -76.84559631347656, aloss:-0.09339886903762817, berr1:34.37821960449219, berr2:34.40749740600586
 1874/2000,EPReward: 1.35
Episode 1875/2000, Reward: 5.98, ploss: -72.83380889892578, aloss:-0.12421542406082153, berr1:11.157693862915039, berr2:11.249025344848633
 1875/2000,EPReward: 5.98
Episode 1876/2000, Reward: 5.89, ploss: -77.56766510009766, aloss:-0.07657663524150848, berr1:9.403255462646484, berr2:8.856385231018066
 1876/2000,EPReward: 5.89
Episode 1877/2000, Reward: 8.35, ploss: -77.19258880615234, aloss:-0.07624407857656479, berr1:8.734882354736328, berr2:8.282230377197266
 1877/2000,EPReward: 8.35
Episode 1878/2000, Reward: 4.73, ploss: -75.01473999023438, aloss:-0.10273043066263199, berr1:10.872762680053711, berr2:10.545211791992188
 1878/2000,EPReward: 4.73
Episode 1879/2000, Reward: 3.00, ploss: -82.61138153076172, aloss:-0.051470328122377396, berr1:9.533174514770508, berr2:9.471877098083496
 1879/2000,EPReward: 3.00
Episode 1880/2000, Reward: 2.62, ploss: -84.5234146118164, aloss:-0.03974234312772751, berr1:32.897769927978516, berr2:32.939971923828125
 1880/2000,EPReward: 2.62
Episode 1881/2000, Reward: 3.44, ploss: -77.57469177246094, aloss:-0.0795333981513977, berr1:10.37319564819336, berr2:9.942689895629883
 1881/2000,EPReward: 3.44
Episode 1882/2000, Reward: 5.39, ploss: -76.45072174072266, aloss:-0.09366509318351746, berr1:13.245980262756348, berr2:12.732728958129883
 1882/2000,EPReward: 5.39
Episode 1883/2000, Reward: 4.13, ploss: -79.48428344726562, aloss:-0.06969776749610901, berr1:8.216503143310547, berr2:8.51148796081543
 1883/2000,EPReward: 4.13
Episode 1884/2000, Reward: 5.12, ploss: -81.22608184814453, aloss:-0.057727161794900894, berr1:10.237397193908691, berr2:9.901799201965332
 1884/2000,EPReward: 5.12
Episode 1885/2000, Reward: 8.19, ploss: -76.82432556152344, aloss:-0.09839553385972977, berr1:14.088126182556152, berr2:14.036458015441895
 1885/2000,EPReward: 8.19
Episode 1886/2000, Reward: 6.70, ploss: -73.85769653320312, aloss:-0.13781222701072693, berr1:9.965627670288086, berr2:9.686723709106445
 1886/2000,EPReward: 6.70
Episode 1887/2000, Reward: 5.83, ploss: -81.80135345458984, aloss:-0.0846453458070755, berr1:10.078027725219727, berr2:9.868001937866211
 1887/2000,EPReward: 5.83
Episode 1888/2000, Reward: 4.25, ploss: -80.9521484375, aloss:-0.1140863299369812, berr1:9.145894050598145, berr2:9.280552864074707
 1888/2000,EPReward: 4.25
Episode 1889/2000, Reward: 8.09, ploss: -83.2975845336914, aloss:-0.10508883744478226, berr1:5.746456623077393, berr2:5.862663269042969
 1889/2000,EPReward: 8.09
Episode 1890/2000, Reward: 1.74, ploss: -87.5014419555664, aloss:-0.08012983202934265, berr1:5.83640193939209, berr2:5.690797805786133
 1890/2000,EPReward: 1.74
Episode 1891/2000, Reward: 6.23, ploss: -81.10481262207031, aloss:-0.14546525478363037, berr1:36.30281448364258, berr2:35.7922477722168
 1891/2000,EPReward: 6.23
Episode 1892/2000, Reward: 4.48, ploss: -76.27527618408203, aloss:-0.18013714253902435, berr1:9.193416595458984, berr2:9.360506057739258
 1892/2000,EPReward: 4.48
Episode 1893/2000, Reward: 3.02, ploss: -80.32427978515625, aloss:-0.1312229186296463, berr1:9.354909896850586, berr2:9.290480613708496
 1893/2000,EPReward: 3.02
Episode 1894/2000, Reward: 8.04, ploss: -80.89201354980469, aloss:-0.10948097705841064, berr1:8.258212089538574, berr2:8.600818634033203
 1894/2000,EPReward: 8.04
Episode 1895/2000, Reward: 6.73, ploss: -76.20906829833984, aloss:-0.15424366295337677, berr1:11.64426326751709, berr2:11.525282859802246
 1895/2000,EPReward: 6.73
Episode 1896/2000, Reward: 7.13, ploss: -80.5555419921875, aloss:-0.10826689749956131, berr1:39.38179397583008, berr2:39.35388946533203
 1896/2000,EPReward: 7.13
Episode 1897/2000, Reward: -1.45, ploss: -85.56515502929688, aloss:-0.054790642112493515, berr1:6.480309009552002, berr2:6.620090961456299
 1897/2000,EPReward: -1.45
Episode 1898/2000, Reward: 1.64, ploss: -83.91806030273438, aloss:-0.06280658394098282, berr1:8.225460052490234, berr2:8.390357971191406
 1898/2000,EPReward: 1.64
Episode 1899/2000, Reward: 3.57, ploss: -81.72510528564453, aloss:-0.08078675717115402, berr1:10.399264335632324, berr2:10.627156257629395
 1899/2000,EPReward: 3.57
Episode 1900/2000, Reward: 3.87, ploss: -78.9382553100586, aloss:-0.09580206125974655, berr1:13.642965316772461, berr2:13.396350860595703
 1900/2000,EPReward: 3.87
Saved checkpoint at episode 1900
Episode 1901/2000, Reward: 3.77, ploss: -80.63752746582031, aloss:-0.07777537405490875, berr1:6.31248140335083, berr2:6.261075973510742
 1901/2000,EPReward: 3.77
Episode 1902/2000, Reward: 4.34, ploss: -81.88581085205078, aloss:-0.06769417226314545, berr1:11.066102981567383, berr2:10.706408500671387
 1902/2000,EPReward: 4.34
Episode 1903/2000, Reward: 3.75, ploss: -75.92948913574219, aloss:-0.10142664611339569, berr1:9.212748527526855, berr2:9.351872444152832
 1903/2000,EPReward: 3.75
Episode 1904/2000, Reward: -0.23, ploss: -77.20044708251953, aloss:-0.10634219646453857, berr1:9.262293815612793, berr2:9.411377906799316
 1904/2000,EPReward: -0.23
Episode 1905/2000, Reward: 8.28, ploss: -82.80260467529297, aloss:-0.05374663323163986, berr1:7.02628231048584, berr2:6.899733066558838
 1905/2000,EPReward: 8.28
Episode 1906/2000, Reward: 5.55, ploss: -80.3582992553711, aloss:-0.08685366064310074, berr1:7.154592037200928, berr2:6.965441703796387
 1906/2000,EPReward: 5.55
Episode 1907/2000, Reward: 2.31, ploss: -86.0652847290039, aloss:-0.05055072158575058, berr1:4.90620231628418, berr2:4.992049694061279
 1907/2000,EPReward: 2.31
Episode 1908/2000, Reward: 3.85, ploss: -83.45545959472656, aloss:-0.07115884125232697, berr1:6.619487762451172, berr2:6.832033157348633
 1908/2000,EPReward: 3.85
Episode 1909/2000, Reward: 6.41, ploss: -81.79472351074219, aloss:-0.08996853232383728, berr1:7.241836071014404, berr2:7.215324401855469
 1909/2000,EPReward: 6.41
Episode 1910/2000, Reward: 5.54, ploss: -80.05024719238281, aloss:-0.11973565071821213, berr1:8.652995109558105, berr2:8.031978607177734
 1910/2000,EPReward: 5.54
Episode 1911/2000, Reward: 4.11, ploss: -81.2552261352539, aloss:-0.10116346925497055, berr1:5.882753849029541, berr2:5.599048137664795
 1911/2000,EPReward: 4.11
Episode 1912/2000, Reward: 6.48, ploss: -83.57903289794922, aloss:-0.0796995535492897, berr1:10.13421630859375, berr2:10.228939056396484
 1912/2000,EPReward: 6.48
Episode 1913/2000, Reward: 7.34, ploss: -77.99677276611328, aloss:-0.13354304432868958, berr1:5.741833209991455, berr2:5.7935709953308105
 1913/2000,EPReward: 7.34
Episode 1914/2000, Reward: 3.69, ploss: -82.91588592529297, aloss:-0.09188568592071533, berr1:8.163092613220215, berr2:7.645888805389404
 1914/2000,EPReward: 3.69
Episode 1915/2000, Reward: 6.31, ploss: -83.8450698852539, aloss:-0.09619336575269699, berr1:35.3491096496582, berr2:35.14060592651367
 1915/2000,EPReward: 6.31
Episode 1916/2000, Reward: 7.55, ploss: -79.82853698730469, aloss:-0.16115045547485352, berr1:8.53699016571045, berr2:8.111489295959473
 1916/2000,EPReward: 7.55
Episode 1917/2000, Reward: 5.02, ploss: -87.61702728271484, aloss:-0.08477086573839188, berr1:6.265408039093018, berr2:6.581613063812256
 1917/2000,EPReward: 5.02
Episode 1918/2000, Reward: 3.93, ploss: -83.49652862548828, aloss:-0.12215971201658249, berr1:5.930298805236816, berr2:5.886223316192627
 1918/2000,EPReward: 3.93
Episode 1919/2000, Reward: 5.55, ploss: -82.44694519042969, aloss:-0.1270129531621933, berr1:8.115338325500488, berr2:8.130204200744629
 1919/2000,EPReward: 5.55
Episode 1920/2000, Reward: 6.02, ploss: -80.87545013427734, aloss:-0.12175274640321732, berr1:9.26494312286377, berr2:9.169251441955566
 1920/2000,EPReward: 6.02
Episode 1921/2000, Reward: 1.04, ploss: -87.45698547363281, aloss:-0.05935703217983246, berr1:3.691976547241211, berr2:3.276623249053955
 1921/2000,EPReward: 1.04
Episode 1922/2000, Reward: 8.92, ploss: -84.75048828125, aloss:-0.07454296946525574, berr1:9.349934577941895, berr2:9.491683006286621
 1922/2000,EPReward: 8.92
Episode 1923/2000, Reward: 5.73, ploss: -85.03607940673828, aloss:-0.05663244426250458, berr1:33.191829681396484, berr2:33.34531021118164
 1923/2000,EPReward: 5.73
Episode 1924/2000, Reward: 3.25, ploss: -80.37820434570312, aloss:-0.09852448850870132, berr1:33.70663070678711, berr2:33.388633728027344
 1924/2000,EPReward: 3.25
Episode 1925/2000, Reward: 5.19, ploss: -80.85376739501953, aloss:-0.08722760528326035, berr1:7.737479209899902, berr2:6.8552703857421875
 1925/2000,EPReward: 5.19
Episode 1926/2000, Reward: 11.53, ploss: -86.00238800048828, aloss:-0.05932076647877693, berr1:5.708368301391602, berr2:5.32056188583374
 1926/2000,EPReward: 11.53
Episode 1927/2000, Reward: 7.41, ploss: -88.19844055175781, aloss:-0.04410012066364288, berr1:7.726146221160889, berr2:8.064029693603516
 1927/2000,EPReward: 7.41
Episode 1928/2000, Reward: 1.71, ploss: -83.78882598876953, aloss:-0.07560877501964569, berr1:77.69053649902344, berr2:77.28023529052734
 1928/2000,EPReward: 1.71
Episode 1929/2000, Reward: 6.44, ploss: -83.70069885253906, aloss:-0.07325488328933716, berr1:74.6763916015625, berr2:74.497314453125
 1929/2000,EPReward: 6.44
Episode 1930/2000, Reward: 3.57, ploss: -84.99980926513672, aloss:-0.05521451309323311, berr1:6.80695104598999, berr2:6.696694850921631
 1930/2000,EPReward: 3.57
Episode 1931/2000, Reward: 6.37, ploss: -84.24427795410156, aloss:-0.06332813203334808, berr1:9.043804168701172, berr2:9.438426971435547
 1931/2000,EPReward: 6.37
Episode 1932/2000, Reward: 5.72, ploss: -84.83415985107422, aloss:-0.06322959810495377, berr1:53.783817291259766, berr2:53.9764518737793
 1932/2000,EPReward: 5.72
Episode 1933/2000, Reward: 9.27, ploss: -80.28520202636719, aloss:-0.09953813254833221, berr1:36.494667053222656, berr2:36.59019088745117
 1933/2000,EPReward: 9.27
Episode 1934/2000, Reward: 6.96, ploss: -84.0655517578125, aloss:-0.06838854402303696, berr1:37.762245178222656, berr2:37.604736328125
 1934/2000,EPReward: 6.96
Episode 1935/2000, Reward: 8.74, ploss: -85.2876968383789, aloss:-0.06736060976982117, berr1:32.55009460449219, berr2:32.81443405151367
 1935/2000,EPReward: 8.74
Episode 1936/2000, Reward: 3.97, ploss: -82.99234771728516, aloss:-0.0932726263999939, berr1:11.34874153137207, berr2:11.34251594543457
 1936/2000,EPReward: 3.97
Episode 1937/2000, Reward: 6.83, ploss: -86.43431854248047, aloss:-0.07045914232730865, berr1:4.672481060028076, berr2:4.870891094207764
 1937/2000,EPReward: 6.83
Episode 1938/2000, Reward: 3.38, ploss: -85.40557098388672, aloss:-0.07475076615810394, berr1:5.191017150878906, berr2:5.148655891418457
 1938/2000,EPReward: 3.38
Episode 1939/2000, Reward: -0.47, ploss: -82.73285675048828, aloss:-0.10407473146915436, berr1:7.695291996002197, berr2:7.426665306091309
 1939/2000,EPReward: -0.47
Episode 1940/2000, Reward: 2.07, ploss: -89.35400390625, aloss:-0.04498123377561569, berr1:5.060182571411133, berr2:4.810901641845703
 1940/2000,EPReward: 2.07
Episode 1941/2000, Reward: 1.00, ploss: -88.47509765625, aloss:-0.051680997014045715, berr1:5.188266277313232, berr2:5.099015235900879
 1941/2000,EPReward: 1.00
Episode 1942/2000, Reward: 3.98, ploss: -89.47100830078125, aloss:-0.03754696249961853, berr1:65.52989959716797, berr2:65.70198059082031
 1942/2000,EPReward: 3.98
Episode 1943/2000, Reward: 0.84, ploss: -88.81867980957031, aloss:-0.04561480134725571, berr1:4.356247425079346, berr2:4.300773620605469
 1943/2000,EPReward: 0.84
Episode 1944/2000, Reward: 6.41, ploss: -88.15592193603516, aloss:-0.05395512282848358, berr1:6.969888687133789, berr2:6.6940717697143555
 1944/2000,EPReward: 6.41
Episode 1945/2000, Reward: 11.55, ploss: -89.14165496826172, aloss:-0.04223242029547691, berr1:29.104957580566406, berr2:28.966999053955078
 1945/2000,EPReward: 11.55
Episode 1946/2000, Reward: 4.23, ploss: -86.12753295898438, aloss:-0.08231672644615173, berr1:11.887346267700195, berr2:11.608025550842285
 1946/2000,EPReward: 4.23
Episode 1947/2000, Reward: 1.08, ploss: -88.07539367675781, aloss:-0.0678202211856842, berr1:6.357475757598877, berr2:6.143002510070801
 1947/2000,EPReward: 1.08
Episode 1948/2000, Reward: 4.06, ploss: -89.84506225585938, aloss:-0.059827663004398346, berr1:7.969267845153809, berr2:7.962303161621094
 1948/2000,EPReward: 4.06
Episode 1949/2000, Reward: 5.95, ploss: -85.83586120605469, aloss:-0.08455410599708557, berr1:5.557165145874023, berr2:5.408003807067871
 1949/2000,EPReward: 5.95
Episode 1950/2000, Reward: 7.45, ploss: -89.02163696289062, aloss:-0.060519639402627945, berr1:5.6338725090026855, berr2:5.582483291625977
 1950/2000,EPReward: 7.45
Episode 1951/2000, Reward: 1.90, ploss: -83.16301727294922, aloss:-0.09782549738883972, berr1:7.510968208312988, berr2:7.59122896194458
 1951/2000,EPReward: 1.90
Episode 1952/2000, Reward: 4.71, ploss: -91.75687408447266, aloss:-0.021387679502367973, berr1:5.724409103393555, berr2:5.628161430358887
 1952/2000,EPReward: 4.71
Episode 1953/2000, Reward: 7.24, ploss: -85.45833587646484, aloss:-0.07890340685844421, berr1:4.244356155395508, berr2:4.432124137878418
 1953/2000,EPReward: 7.24
Episode 1954/2000, Reward: 4.60, ploss: -87.94847106933594, aloss:-0.05476279929280281, berr1:8.6033296585083, berr2:8.27808952331543
 1954/2000,EPReward: 4.60
Episode 1955/2000, Reward: 3.63, ploss: -86.1148681640625, aloss:-0.08176147937774658, berr1:6.104773044586182, berr2:6.230134010314941
 1955/2000,EPReward: 3.63
Episode 1956/2000, Reward: 3.05, ploss: -89.26496124267578, aloss:-0.0549875944852829, berr1:5.323062896728516, berr2:5.341184616088867
 1956/2000,EPReward: 3.05
Episode 1957/2000, Reward: 4.38, ploss: -88.34182739257812, aloss:-0.05942877382040024, berr1:5.745004653930664, berr2:5.636475086212158
 1957/2000,EPReward: 4.38
Episode 1958/2000, Reward: -1.82, ploss: -89.31013488769531, aloss:-0.05813753977417946, berr1:6.654690265655518, berr2:6.571353435516357
 1958/2000,EPReward: -1.82
Episode 1959/2000, Reward: 2.20, ploss: -89.048095703125, aloss:-0.057081446051597595, berr1:5.07327938079834, berr2:4.9965996742248535
 1959/2000,EPReward: 2.20
Episode 1960/2000, Reward: 4.04, ploss: -91.02149200439453, aloss:-0.04694090038537979, berr1:35.666934967041016, berr2:35.442909240722656
 1960/2000,EPReward: 4.04
Episode 1961/2000, Reward: 7.18, ploss: -91.27313995361328, aloss:-0.04668040946125984, berr1:4.533256530761719, berr2:4.36628532409668
 1961/2000,EPReward: 7.18
Episode 1962/2000, Reward: 6.88, ploss: -86.44901275634766, aloss:-0.08129886537790298, berr1:5.71272087097168, berr2:5.643486976623535
 1962/2000,EPReward: 6.88
Episode 1963/2000, Reward: 5.66, ploss: -85.78565216064453, aloss:-0.0954480916261673, berr1:35.30297088623047, berr2:35.29069519042969
 1963/2000,EPReward: 5.66
Episode 1964/2000, Reward: 4.15, ploss: -88.87693786621094, aloss:-0.07657591998577118, berr1:4.937629222869873, berr2:4.805154800415039
 1964/2000,EPReward: 4.15
Episode 1965/2000, Reward: 7.54, ploss: -89.68183898925781, aloss:-0.059651460498571396, berr1:6.058218479156494, berr2:5.703906059265137
 1965/2000,EPReward: 7.54
Episode 1966/2000, Reward: 2.89, ploss: -91.29668426513672, aloss:-0.06526387482881546, berr1:5.431004047393799, berr2:5.514645576477051
 1966/2000,EPReward: 2.89
Episode 1967/2000, Reward: 8.61, ploss: -89.99267578125, aloss:-0.0688682273030281, berr1:8.235664367675781, berr2:8.096783638000488
 1967/2000,EPReward: 8.61
Episode 1968/2000, Reward: 6.63, ploss: -91.83465576171875, aloss:-0.06280845403671265, berr1:7.101319789886475, berr2:6.799227714538574
 1968/2000,EPReward: 6.63
Episode 1969/2000, Reward: 4.41, ploss: -83.40167236328125, aloss:-0.14168807864189148, berr1:9.223219871520996, berr2:9.509932518005371
 1969/2000,EPReward: 4.41
Episode 1970/2000, Reward: 0.82, ploss: -92.74169921875, aloss:-0.06421095877885818, berr1:5.479866027832031, berr2:5.039776802062988
 1970/2000,EPReward: 0.82
Episode 1971/2000, Reward: 0.86, ploss: -90.44525146484375, aloss:-0.08349893242120743, berr1:38.883567810058594, berr2:38.57892990112305
 1971/2000,EPReward: 0.86
Episode 1972/2000, Reward: 9.84, ploss: -90.18289947509766, aloss:-0.09359703212976456, berr1:5.454324722290039, berr2:5.582334041595459
 1972/2000,EPReward: 9.84
Episode 1973/2000, Reward: 6.10, ploss: -90.8291015625, aloss:-0.07416561990976334, berr1:5.116476535797119, berr2:5.094223976135254
 1973/2000,EPReward: 6.10
Episode 1974/2000, Reward: 2.16, ploss: -88.42453002929688, aloss:-0.09921838343143463, berr1:6.492829322814941, berr2:6.551603317260742
 1974/2000,EPReward: 2.16
Episode 1975/2000, Reward: 2.34, ploss: -91.70896911621094, aloss:-0.060311831533908844, berr1:60.54726791381836, berr2:60.68824005126953
 1975/2000,EPReward: 2.34
Episode 1976/2000, Reward: 6.16, ploss: -90.33171844482422, aloss:-0.07509259879589081, berr1:5.569151401519775, berr2:5.419745922088623
 1976/2000,EPReward: 6.16
Episode 1977/2000, Reward: 4.54, ploss: -92.03076934814453, aloss:-0.06411638110876083, berr1:5.456432819366455, berr2:5.282232284545898
 1977/2000,EPReward: 4.54
Episode 1978/2000, Reward: 7.01, ploss: -92.36592102050781, aloss:-0.05914515629410744, berr1:5.997978687286377, berr2:5.7443366050720215
 1978/2000,EPReward: 7.01
Episode 1979/2000, Reward: 0.88, ploss: -93.61307525634766, aloss:-0.04581315442919731, berr1:4.6061320304870605, berr2:4.486500263214111
 1979/2000,EPReward: 0.88
Episode 1980/2000, Reward: 5.58, ploss: -89.28016662597656, aloss:-0.07396982610225677, berr1:35.598384857177734, berr2:35.142520904541016
 1980/2000,EPReward: 5.58
Episode 1981/2000, Reward: 3.15, ploss: -90.41041564941406, aloss:-0.05968782678246498, berr1:4.44310998916626, berr2:4.58897066116333
 1981/2000,EPReward: 3.15
Episode 1982/2000, Reward: 8.16, ploss: -92.19225311279297, aloss:-0.0467170812189579, berr1:5.564532279968262, berr2:5.5942840576171875
 1982/2000,EPReward: 8.16
Episode 1983/2000, Reward: 6.44, ploss: -90.11095428466797, aloss:-0.055767904967069626, berr1:6.211414813995361, berr2:6.29066801071167
 1983/2000,EPReward: 6.44
Episode 1984/2000, Reward: 2.91, ploss: -92.83186340332031, aloss:-0.044716961681842804, berr1:4.961001396179199, berr2:5.002162456512451
 1984/2000,EPReward: 2.91
Episode 1985/2000, Reward: 1.09, ploss: -91.86688232421875, aloss:-0.043748755007982254, berr1:6.509442329406738, berr2:6.693772792816162
 1985/2000,EPReward: 1.09
Episode 1986/2000, Reward: 2.31, ploss: -92.13928985595703, aloss:-0.04759388789534569, berr1:4.710872173309326, berr2:4.685957431793213
 1986/2000,EPReward: 2.31
Episode 1987/2000, Reward: 0.16, ploss: -89.6825942993164, aloss:-0.06514614820480347, berr1:4.636047840118408, berr2:4.728334426879883
 1987/2000,EPReward: 0.16
Episode 1988/2000, Reward: 8.25, ploss: -91.79859924316406, aloss:-0.0428798608481884, berr1:3.898466110229492, berr2:3.748945951461792
 1988/2000,EPReward: 8.25
Episode 1989/2000, Reward: 0.00, ploss: -91.86812591552734, aloss:-0.04302915185689926, berr1:5.185704231262207, berr2:5.150613784790039
 1989/2000,EPReward: 0.00
Episode 1990/2000, Reward: 5.68, ploss: -92.95980834960938, aloss:-0.04720654338598251, berr1:4.435518264770508, berr2:4.445933818817139
 1990/2000,EPReward: 5.68
Episode 1991/2000, Reward: 1.25, ploss: -91.06056213378906, aloss:-0.06297116726636887, berr1:5.409790515899658, berr2:5.458840370178223
 1991/2000,EPReward: 1.25
Episode 1992/2000, Reward: 3.93, ploss: -92.54769897460938, aloss:-0.04783385992050171, berr1:32.732845306396484, berr2:32.704246520996094
 1992/2000,EPReward: 3.93
Episode 1993/2000, Reward: -0.62, ploss: -95.20892333984375, aloss:-0.029912007972598076, berr1:4.651533126831055, berr2:4.614491939544678
 1993/2000,EPReward: -0.62
Episode 1994/2000, Reward: 3.38, ploss: -91.49628448486328, aloss:-0.060268584638834, berr1:6.337582588195801, berr2:6.237917423248291
 1994/2000,EPReward: 3.38
Episode 1995/2000, Reward: 5.76, ploss: -95.52215576171875, aloss:-0.031113695353269577, berr1:23.60895347595215, berr2:23.57707405090332
 1995/2000,EPReward: 5.76
Episode 1996/2000, Reward: 1.26, ploss: -96.56217956542969, aloss:-0.02703600749373436, berr1:4.48067569732666, berr2:4.438179969787598
 1996/2000,EPReward: 1.26
Episode 1997/2000, Reward: 2.19, ploss: -91.10603332519531, aloss:-0.06630636751651764, berr1:4.876433372497559, berr2:4.852434158325195
 1997/2000,EPReward: 2.19
Episode 1998/2000, Reward: 5.34, ploss: -93.09278106689453, aloss:-0.056109100580215454, berr1:4.800988674163818, berr2:4.680376052856445
 1998/2000,EPReward: 5.34
Episode 1999/2000, Reward: 0.24, ploss: -92.72659301757812, aloss:-0.051866598427295685, berr1:4.5229668617248535, berr2:4.3589911460876465
 1999/2000,EPReward: 0.24
Episode 2000/2000, Reward: 7.90, ploss: -93.9709243774414, aloss:-0.04815886542201042, berr1:4.825587272644043, berr2:4.70548152923584
 2000/2000,EPReward: 7.90
Saved checkpoint at episode 2000
Training complete. History saved to training_data_history.npy
